scenario,model,modal,seed,roc_auc,ap,f1_val_threshold,p_at_5pct,r_at_10fpr,n,n_pos,best_val_auc,runtime_seconds
asof,MLP,M11,42,0.8391859774212715,0.011590197395975077,0.014184397163120567,0.016587677725118485,0.45,8435,20,0.8261246388774247,0.25365686416625977
asof,MLP,M11,123,0.8054486036838978,0.010148402561474425,0.017964071856287425,0.009478672985781991,0.4,8435,20,0.8207783051313797,0.18148112297058105
asof,MLP,M11,456,0.8404693998811645,0.010467322206309715,0.0,0.016587677725118485,0.45,8435,20,0.8111002201128079,0.2142021656036377
asof,MLP,M11,789,0.8294533571004159,0.011284836253260008,0.026845637583892617,0.011848341232227487,0.45,8435,20,0.8267437061494016,0.14841556549072266
asof,MLP,M11,1024,0.8433808674985145,0.011287653639323823,0.016,0.014218009478672985,0.5,8435,20,0.8170948548631173,0.2299344539642334
asof,MLP,M5,42,0.800718954248366,0.007170372296007723,0.014527845036319613,0.0071090047393364926,0.25,8435,20,0.8070487687439813,0.7654492855072021
asof,MLP,M5,123,0.7434818775995247,0.005793913389017011,0.0,0.004739336492890996,0.2,8435,20,0.7720164396753337,0.23330020904541016
asof,MLP,M5,456,0.7520023767082591,0.007123442819004438,0.0,0.009478672985781991,0.35,8435,20,0.7783687577383409,0.19819307327270508
asof,MLP,M5,789,0.7693107546048723,0.006430104272524701,0.013029315960912053,0.002369668246445498,0.35,8435,20,0.7938557573256295,0.2566955089569092
asof,MLP,M5,1024,0.7708793820558526,0.007063836401952055,0.0,0.0071090047393364926,0.35,8435,20,0.7751014582473518,0.22467255592346191
asof,RandomForest,M11,42,0.9041681521093287,0.03550713299406608,0.11235955056179775,0.023696682464454975,0.7,8435,20,0.9012587701196864,7.758578062057495
asof,RandomForest,M11,123,0.8931966726084374,0.028577977332251037,0.10526315789473684,0.02132701421800948,0.7,8435,20,0.8890081166597881,7.77499794960022
asof,RandomForest,M11,456,0.907038027332145,0.030091461840205936,0.07920792079207921,0.02132701421800948,0.65,8435,20,0.8995872884853487,7.773777008056641
asof,RandomForest,M11,789,0.9057040998217468,0.02829633842354945,0.09411764705882353,0.018957345971563982,0.65,8435,20,0.9062095886641905,7.669823169708252
asof,RandomForest,M11,1024,0.9145038621509209,0.028348496752421994,0.09876543209876543,0.02132701421800948,0.65,8435,20,0.8978934516439675,7.681246042251587
asof,RandomForest,M5,42,0.8351039809863339,0.03179271694051118,0.08163265306122448,0.018957345971563982,0.65,8435,20,0.8785407208694456,7.908066511154175
asof,RandomForest,M5,123,0.8585502079619726,0.03863038583388925,0.06802721088435375,0.02132701421800948,0.55,8435,20,0.8913072637226579,7.880320072174072
asof,RandomForest,M5,456,0.8546880570409982,0.03805212613376943,0.0847457627118644,0.018957345971563982,0.55,8435,20,0.8684602421240886,7.892155170440674
asof,RandomForest,M5,789,0.8733422459893049,0.0380919068159814,0.08064516129032258,0.02132701421800948,0.55,8435,20,0.8751857201815931,7.853735685348511
asof,RandomForest,M5,1024,0.8220677361853833,0.03379211605319767,0.09090909090909091,0.016587677725118485,0.6,8435,20,0.8693785252441877,7.739622116088867
fixed1095,GCN,M11,42,0.7815389185977422,0.008456985760744686,0.011235955056179775,0.0071090047393364926,0.5,8435,20,0.7996814936847886,16.156277418136597
fixed1095,GCN,M11,123,0.8106833036244802,0.008049132836491047,0.00749063670411985,0.0071090047393364926,0.4,8435,20,0.8330971993410214,18.197075128555298
fixed1095,GCN,M11,456,0.7542543077837196,0.007602150672445135,0.0,0.0071090047393364926,0.5,8435,20,0.7970236133992311,15.433542251586914
fixed1095,GCN,M11,789,0.7379857397504457,0.007557614207646982,0.0,0.011848341232227487,0.35,8435,20,0.8208347062053816,21.07550859451294
fixed1095,GCN,M11,1024,0.7469162210338681,0.005580186405850598,0.0,0.002369668246445498,0.2,8435,20,0.8352224052718287,14.079257488250732
fixed1095,GraphSAGE,M11,42,0.7495424836601308,0.007048087761262012,0.0,0.009478672985781991,0.45,8435,20,0.8591378363536518,13.498096704483032
fixed1095,GraphSAGE,M11,123,0.7230718954248365,0.008013072365992809,0.0,0.011848341232227487,0.45,8435,20,0.8362602965403625,15.643000602722168
fixed1095,GraphSAGE,M11,456,0.6887581699346406,0.007597440982892712,0.023809523809523808,0.009478672985781991,0.35,8435,20,0.8390280065897858,15.08693552017212
fixed1095,GraphSAGE,M11,789,0.7308793820558527,0.007251530932379475,0.0,0.009478672985781991,0.35,8435,20,0.8437506864360242,13.84787368774414
fixed1095,GraphSAGE,M11,1024,0.7959893048128341,0.0072023390903778765,0.0,0.004739336492890996,0.35,8435,20,0.853602416254805,13.362807750701904
fixed1095,MLP,M11,42,0.8362269756387404,0.011761419271222534,0.0,0.011848341232227487,0.55,8435,20,0.8389511257550797,0.17169427871704102
fixed1095,MLP,M11,123,0.8002317290552585,0.008752900186955237,0.008849557522123894,0.011848341232227487,0.45,8435,20,0.8593739703459639,0.2073841094970703
fixed1095,MLP,M11,456,0.8336363636363637,0.009496629471618355,0.0,0.009478672985781991,0.45,8435,20,0.8314552443712248,0.22469568252563477
fixed1095,MLP,M11,789,0.824896019013666,0.010207860247924425,0.0,0.016587677725118485,0.5,8435,20,0.8528995057660625,0.13971590995788574
fixed1095,MLP,M11,1024,0.8159150326797385,0.0092247833876115,0.0,0.011848341232227487,0.45,8435,20,0.8544151565074134,0.24095416069030762
fixed1095,RandomForest,M11,42,0.7561734997029115,0.012713725352272661,0.0,0.018957345971563982,0.5,8435,20,0.870282811641955,8.69552731513977
fixed1095,RandomForest,M11,123,0.7861437908496732,0.01479598168840283,0.0,0.02132701421800948,0.5,8435,20,0.8812081274025261,8.711304187774658
fixed1095,RandomForest,M11,456,0.7727658942364825,0.013882188285825199,0.019230769230769232,0.018957345971563982,0.5,8435,20,0.8695908841295992,8.671745300292969
fixed1095,RandomForest,M11,789,0.7959150326797385,0.013955087155439996,0.0,0.018957345971563982,0.5,8435,20,0.865840197693575,8.582033634185791
fixed1095,RandomForest,M11,1024,0.818972073677956,0.013109602261399473,0.0,0.018957345971563982,0.45,8435,20,0.8631274025260846,8.636520862579346
