fiscal_year,degree_scope,strict_degree_threshold,active_person_nodes,person_nodes_above_threshold,person_node_fraction_above_threshold,all_E3_records,person_E3_records,person_E3_records_incident_on_high_degree_nodes,fraction_of_all_E3_records,fraction_of_person_E3_records,unique_person_company_E3_pairs,high_degree_unique_E3_pairs,messages_weighted_by_stored_multiplicity
2010,E1_E2_E3_union,20,25736,0,0.0,14946,14918,0,0.0,0.0,8651,0,True
2010,E1_E2_E3_union,50,25736,0,0.0,14946,14918,0,0.0,0.0,8651,0,True
2010,E3_only,20,8194,0,0.0,14946,14918,0,0.0,0.0,8651,0,True
2010,E3_only,50,8194,0,0.0,14946,14918,0,0.0,0.0,8651,0,True
2011,E1_E2_E3_union,20,29654,3,0.00010116679031496594,18688,18655,5,0.0002675513698630137,0.0002680246582685607,10319,4,True
2011,E1_E2_E3_union,50,29654,0,0.0,18688,18655,0,0.0,0.0,10319,0,True
2011,E3_only,20,9709,0,0.0,18688,18655,0,0.0,0.0,10319,0,True
2011,E3_only,50,9709,0,0.0,18688,18655,0,0.0,0.0,10319,0,True
2012,E1_E2_E3_union,20,31389,1,3.1858294306922805e-05,23161,23115,0,0.0,0.0,12472,0,True
2012,E1_E2_E3_union,50,31389,0,0.0,23161,23115,0,0.0,0.0,12472,0,True
2012,E3_only,20,11611,0,0.0,23161,23115,0,0.0,0.0,12472,0,True
2012,E3_only,50,11611,0,0.0,23161,23115,0,0.0,0.0,12472,0,True
2013,E1_E2_E3_union,20,35653,4,0.00011219252236838414,30316,30238,19,0.0006267317588072305,0.0006283484357431047,15701,8,True
2013,E1_E2_E3_union,50,35653,0,0.0,30316,30238,0,0.0,0.0,15701,0,True
2013,E3_only,20,14480,0,0.0,30316,30238,0,0.0,0.0,15701,0,True
2013,E3_only,50,14480,0,0.0,30316,30238,0,0.0,0.0,15701,0,True
2014,E1_E2_E3_union,20,39600,10,0.0002525252525252525,44272,44097,125,0.0028234550054210337,0.002834659954191895,21827,59,True
2014,E1_E2_E3_union,50,39600,0,0.0,44272,44097,0,0.0,0.0,21827,0,True
2014,E3_only,20,19701,0,0.0,44272,44097,0,0.0,0.0,21827,0,True
2014,E3_only,50,19701,0,0.0,44272,44097,0,0.0,0.0,21827,0,True
2015,E1_E2_E3_union,20,45169,22,0.0004870597090925192,65576,65311,421,0.0064200317189215565,0.006446081058320957,31080,221,True
2015,E1_E2_E3_union,50,45169,0,0.0,65576,65311,0,0.0,0.0,31080,0,True
2015,E3_only,20,27093,1,3.69099029269553e-05,65576,65311,41,0.0006252287422227644,0.0006277656137557226,31080,22,True
2015,E3_only,50,27093,0,0.0,65576,65311,0,0.0,0.0,31080,0,True
2016,E1_E2_E3_union,20,52811,30,0.0005680634716252296,92013,91615,956,0.01038983621879517,0.010434972439011078,41671,460,True
2016,E1_E2_E3_union,50,52811,0,0.0,92013,91615,0,0.0,0.0,41671,0,True
2016,E3_only,20,35063,6,0.00017112055443059635,92013,91615,320,0.003477769445621814,0.003492877803853081,41671,148,True
2016,E3_only,50,35063,0,0.0,92013,91615,0,0.0,0.0,41671,0,True
2017,E1_E2_E3_union,20,65731,50,0.0007606760889078213,123403,122826,1777,0.014399974068701733,0.014467620862032468,54440,807,True
2017,E1_E2_E3_union,50,65731,1,1.5213521778156426e-05,123403,122826,78,0.0006320753952497103,0.0006350446973767769,54440,30,True
2017,E3_only,20,44301,15,0.00033859280828875193,123403,122826,859,0.006960932878455143,0.006993633269828863,54440,377,True
2017,E3_only,50,44301,0,0.0,123403,122826,0,0.0,0.0,54440,0,True
2018,E1_E2_E3_union,20,73556,62,0.0008428952090923922,160858,160094,2893,0.01798480647527633,0.018070633502817096,68692,1270,True
2018,E1_E2_E3_union,50,73556,2,2.7190168035238456e-05,160858,160094,165,0.001025749418741996,0.0010306444963583896,68692,70,True
2018,E3_only,20,53937,28,0.0005191241633757903,160858,160094,1740,0.010816993870370141,0.01086861468887029,68692,752,True
2018,E3_only,50,53937,0,0.0,160858,160094,0,0.0,0.0,68692,0,True
2019,E1_E2_E3_union,20,80483,74,0.0009194488277027447,190666,189668,3841,0.020145175332780884,0.02025117573865913,77714,1586,True
2019,E1_E2_E3_union,50,80483,4,4.9699936632580793e-05,190666,189668,406,0.0021293780747485133,0.0021405824915114832,77714,170,True
2019,E3_only,20,59807,40,0.0006688180313341248,190666,189668,2737,0.014354945297011527,0.014430478520361896,77714,1119,True
2019,E3_only,50,59807,0,0.0,190666,189668,0,0.0,0.0,77714,0,True
2020,E1_E2_E3_union,20,87895,101,0.0011490983559929461,224370,223232,5559,0.02477603957748362,0.02490234375,87756,2201,True
2020,E1_E2_E3_union,50,87895,10,0.00011377211445474715,224370,223232,925,0.004122654543833846,0.0041436711582568805,87756,366,True
2020,E3_only,20,66124,52,0.0007864013066360172,224370,223232,3933,0.017529081427998396,0.017618441800458715,87756,1519,True
2020,E3_only,50,66124,0,0.0,224370,223232,0,0.0,0.0,87756,0,True
2021,E1_E2_E3_union,20,92739,122,0.001315519899934224,242525,241294,6703,0.02763838779507267,0.027779389458502904,92566,2624,True
2021,E1_E2_E3_union,50,92739,8,8.626359999568683e-05,242525,241294,958,0.003950108236264302,0.003970260346299535,92566,371,True
2021,E3_only,20,69064,59,0.000854280088034287,242525,241294,4590,0.018925883929491804,0.019022437358575017,92566,1761,True
2021,E3_only,50,69064,1,1.4479323526004865e-05,242525,241294,149,0.0006143696526131326,0.0006175039578273807,92566,52,True
2022,E1_E2_E3_union,20,90438,127,0.0014042769632234239,249078,247847,7026,0.028208031219136172,0.028348134131137355,91658,2672,True
2022,E1_E2_E3_union,50,90438,7,7.74010924611336e-05,249078,247847,798,0.0032038156721990703,0.003219728300120639,91658,294,True
2022,E3_only,20,68567,59,0.0008604722388320912,249078,247847,4754,0.019086390608564385,0.01918118839445303,91658,1760,True
2022,E3_only,50,68567,3,4.375282570332667e-05,249078,247847,433,0.0017384112607295706,0.0017470455563311236,91658,163,True
2023,E1_E2_E3_union,20,86530,113,0.0013059054663122616,253197,251990,6634,0.026200942349237945,0.02632644152545736,90081,2354,True
2023,E1_E2_E3_union,50,86530,6,6.934011325551832e-05,253197,251990,715,0.0028238881187375837,0.002837414183102504,90081,260,True
2023,E3_only,20,67843,56,0.0008254351959671595,253197,251990,4889,0.019309075541969298,0.01940156355410929,90081,1702,True
2023,E3_only,50,67843,3,4.4219742641097826e-05,253197,251990,453,0.0017891207241791964,0.001797690384539069,90081,167,True
2024,E1_E2_E3_union,20,91189,127,0.001392711840243889,275605,274426,7967,0.028907313002304022,0.02903150576111593,93982,2738,True
2024,E1_E2_E3_union,50,91189,15,0.0001644935244382546,275605,274426,1712,0.00621178861051142,0.006238475946156705,93982,578,True
2024,E3_only,20,70286,64,0.0009105654042056739,275605,274426,5845,0.02120788810072386,0.021299002281124968,93982,1980,True
2024,E3_only,50,70286,2,2.845516888142731e-05,275605,274426,331,0.0012009941764481776,0.0012061539358515592,93982,116,True
