feature,comparable_finite,finite_match,finite_match_rate,all_row_compatible_rate,mismatch_rows,pearson_r,median_abs_diff,p95_abs_diff
fin_dsri_t0,49826,49775,0.9989764380042548,0.9989743589743589,53,0.9999999977157813,2.0458039762250024e-08,5.7972499190039883e-08
fin_dsri_t0_zind,44671,40072,0.8970473013812092,0.9110014513788098,4599,0.9999045321738426,7.243736471762574e-09,0.00033248436230487455
fin_dsri_t1,49450,49414,0.9992719919110212,0.9992646347363329,38,0.9999999997864466,2.0359689767435185e-08,5.7930765717806304e-08
fin_dsri_t1_zind,44279,41014,0.9262630140698751,0.9368166424770198,3265,0.9999813156944743,6.913145889075878e-09,0.00012379245348254902
fin_mscore_t0,49485,49372,0.9977164797413357,0.9977164973391388,118,1.0,4.608903347858018e-08,1.1510470159237228e-07
fin_mscore_t0_zind,44439,36344,0.8178401854227143,0.8432897919690373,8098,0.9996332322556496,8.320216016155513e-09,0.0003871344301489276
fin_mscore_t1,49079,48977,0.9979217180464149,0.9976003870343493,124,0.9999999999999982,4.541344433839356e-08,1.1495401661676396e-07
fin_mscore_t1_zind,44018,36319,0.8250942796128856,0.8506240928882438,7719,0.9996548963984403,7.732112283775905e-09,0.0010587858753318712
fin_ocf_to_ni_t0,50204,50173,0.9993825193211696,0.9994000967585873,31,0.9983476761066288,2.291585976532673e-08,2.2617357324783425e-07
fin_ocf_to_ni_t0_zind,44975,43023,0.956598110061145,0.9622254475084664,1952,0.9976842137607743,4.933842501220198e-09,5.029613654561275e-07
fin_ocf_to_ni_t1,50276,50224,0.9989657092847481,0.9989937106918239,52,0.9999991354034208,2.2540507516044528e-08,2.2312587955042318e-07
fin_ocf_to_ni_t1_zind,44969,40264,0.8953723676310347,0.9089501693275278,4705,0.9999691309544847,5.856830576078664e-09,3.216246860616584e-05
fin_oth_recv_to_ta_t0,49816,49788,0.9994379315882448,0.9994194484760522,30,0.998193293913029,1.0370247932947607e-10,1.4020178559781549e-09
fin_oth_recv_to_ta_t0_zind,44611,42286,0.9478828091726256,0.9549879051765844,2326,0.9994345181506779,7.83542547511118e-09,9.081452907233611e-06
fin_oth_recv_to_ta_t1,49590,49562,0.9994353700342811,0.9993613933236575,33,0.9998826411567762,1.0799372355575765e-10,1.4202578817873457e-09
fin_oth_recv_to_ta_t1_zind,44303,41618,0.9393946233889353,0.9479632317368166,2689,0.9993114137385638,8.322661448900703e-09,1.413898387276347e-05
fin_zscore_t0,50186,50129,0.9988642250826923,0.9988776003870343,58,0.9999998926957728,3.1888979457050937e-08,1.3511264596033357e-07
fin_zscore_t0_zind,44984,40969,0.9107460430375245,0.922302854378326,4015,0.9999986279901714,1.0240354397783591e-08,5.949837807793775e-05
fini_adminexp_of_gr_t0,47186,47020,0.9964820073750689,0.9967876149008225,166,0.9999999991270182,1.8157958958653353e-07,9.063720689539423e-07
fini_assets_to_eqt_t0,46825,46585,0.994874532835024,0.9952781809385582,244,0.9999318330950506,3.738403320241446e-08,1.3427734373294698e-07
fini_assets_to_eqt_t0_zind,42200,32356,0.7667298578199052,0.8094436381228834,9847,0.9997365334354222,1.2213740185895716e-08,0.0015264770009278863
fini_assets_to_eqt_t1,44602,44367,0.9947311779740818,0.9954136429608128,237,0.9999238426745566,3.719329844109609e-08,1.2664794901695586e-07
fini_assets_turn_t0,47195,46925,0.9942790549846382,0.9947363328495404,272,0.9998418732946889,9.155273428262944e-09,4.138946541054622e-08
fini_assets_turn_t0_zind,42361,32289,0.7622341304501782,0.8050507982583455,10074,0.9999352023905649,1.535974658573025e-08,0.0014408422991128988
fini_assets_turn_t1,44885,44619,0.9940737440124763,0.99485244315433,266,0.9998392810562611,9.632110609114619e-09,4.425048838463397e-08
fini_assets_yoy_t0,47203,46976,0.9951909836239222,0.9955684567005322,229,0.9999919891593148,1.831054685652589e-07,1.8371582015674903e-06
fini_bps_yoy_t0,47199,46932,0.9943431004894171,0.9947943880019352,269,0.9999448975068174,1.5869140668200998e-07,1.8798828094190867e-06
fini_ca_to_assets_t0,46303,46080,0.9951838973716606,0.9956458635703919,225,0.9999479430053865,1.0681152318170462e-06,3.3935546923657967e-06
fini_ca_turn_t0,46297,46069,0.9950752748558221,0.9955491049830673,230,0.9997976536124167,1.754760736716321e-08,8.316040034372918e-08
fini_cash_ratio_t0,46302,45994,0.9933480195239947,0.9940009675858732,310,0.9999893188314037,2.1171569830613635e-08,1.6326904273000764e-07
fini_current_ratio_t0,46624,46425,0.9957318119423473,0.9960909530720852,202,0.999990964697618,3.433227524496374e-08,2.0370483433396203e-07
fini_current_ratio_t0_zind,41842,33280,0.7953730701209312,0.8342718916303822,8564,0.9999733284977831,1.2900106566293701e-08,0.0005250778186847415
fini_current_ratio_t1,44348,44154,0.9956255073509516,0.9962457668118045,194,0.9999903970627814,3.4332275467008344e-08,2.0217895535523667e-07
fini_currentdebt_to_debt_t0,46302,46140,0.9965012310483349,0.9968263183357523,164,0.9999720893741095,1.5869140597146725e-06,3.6010742121561634e-06
fini_debt_to_eqt_t0,46811,46572,0.9948943624361796,0.9953168843734882,242,0.9995410284811892,1.2159347528850617e-08,1.0604858413643115e-07
fini_debt_to_eqt_t0_zind,42195,32427,0.7685033771773907,0.8109337203676826,9770,0.999286418341468,1.2020192063921797e-08,0.0013499392466002728
fini_debt_to_eqt_t1,44596,44362,0.9947528926361109,0.9954523463957426,235,0.9994660577908686,1.2111663838521025e-08,1.0423660268266133e-07
fini_dt_eps_yoy_t0,46272,46108,0.9964557399723375,0.9967295597484277,169,0.9918130390073304,4.30297852460626e-07,8.496093755638867e-06
fini_ebit_of_gr_t0,46291,46024,0.9942321401568339,0.994833091436865,267,0.9999996593119155,1.930236814828845e-07,1.495361331649292e-06
fini_ebit_of_gr_t0_zind,41457,30369,0.7325421521094145,0.7854281567489114,11088,0.9995949288987793,1.0901754388115137e-08,0.003090830233562688
fini_ebt_yoy_t0,47205,46971,0.9950428979980934,0.9954716981132076,234,0.9999996459138069,6.805419907607302e-07,1.3085937496271072e-05
fini_eqt_to_debt_t0,47201,46954,0.9947670600199149,0.9951814223512336,249,0.9999904105284337,2.4127960185360564e-08,2.151489253421346e-07
fini_eqt_to_interestdebt_t0,41541,41295,0.9940781396692424,0.9951814223512336,249,0.9999999998585014,5.989074702839048e-08,6.225585934771516e-06
fini_eqt_to_talcapital_t0,46147,45903,0.9947125490281058,0.9952394775036284,246,0.9999734664122745,1.3183593807752914e-06,3.5522460990478066e-06
fini_equity_yoy_t0,47200,46955,0.9948093220338983,0.9951620706337687,250,0.9999970875519791,1.4648436419406607e-07,2.990722663298584e-06
fini_expense_of_sales_t0,46287,46108,0.996132823470953,0.9965360425737784,179,0.9999999954433418,3.143310536302124e-07,1.6113281304797056e-06
fini_fa_turn_t0,46308,46152,0.9966312516195905,0.996903725205612,160,0.9999955833087769,5.931854252239077e-08,8.544921890063506e-07
fini_fa_turn_t0_zind,41467,34041,0.8209178382810428,0.8562941461054668,7426,0.999948887474298,9.001934364594177e-09,0.00031609790274313393
fini_finaexp_of_gr_t0,46280,46126,0.9966724286949006,0.9970198355104015,154,0.9999999560536063,2.0599364880524718e-08,2.2888183615066282e-07
fini_gc_of_gr_t0,46291,46047,0.9947289969972565,0.9952781809385582,244,0.9999997395305306,1.9531249932924766e-06,3.7963867214330094e-06
fini_netprofit_yoy_t0,47205,46952,0.9946403982628959,0.995104015481374,253,0.9705524170670652,6.958007787716269e-07,1.4062499985811883e-05
fini_npta_t0,47204,46931,0.994216591814253,0.9947169811320755,273,0.9998050938064975,7.705688487291695e-08,4.516601563864242e-07
fini_npta_t0_zind,42366,31340,0.7397441344474343,0.7866279632317368,11026,0.999785005023161,1.4265983117045522e-08,0.0029801662243616744
fini_npta_t1,44895,44628,0.994052789842967,0.994833091436865,267,0.9997959698465092,8.392333983309186e-08,4.699707023547717e-07
fini_ocf_to_debt_t0,47198,47031,0.9964617144794271,0.9966715045960329,172,0.9999853569243522,2.300739293525922e-09,2.1743774336613342e-08
fini_ocf_to_debt_t0_zind,42360,33715,0.7959159584513692,0.8326076439283987,8650,0.9999551241644838,1.2548692918112891e-08,0.0008442698570693117
fini_ocf_to_debt_t1,44891,44727,0.996346706466775,0.9967682631833575,167,0.9999856310223518,2.4318695113212385e-09,2.2983551062338847e-08
fini_ocf_to_shortdebt_t0,46300,46149,0.9967386609071275,0.9970004837929366,155,0.9999887629789577,3.0159950231700705e-09,2.6702880795426154e-08
fini_ocf_yoy_t0,47200,47156,0.9990677966101695,0.9990711175616837,48,0.9999997742032033,1.2451171897964741e-06,1.9047851611730522e-05
fini_ocfps_t0_zind,42359,38577,0.9107155504143157,0.9267150459603289,3787,0.9999508686726194,9.37099464692892e-09,0.0006297562994170858
fini_op_of_gr_t0,47188,46931,0.9945537000932441,0.9950266086115143,257,0.999999566310967,1.7623901360508398e-07,1.5014648440114797e-06
fini_op_of_gr_t0_zind,42357,32004,0.7555775904809122,0.7996516690856313,10353,0.9996230117178297,1.085036677173079e-08,0.0030273978898538207
fini_op_of_gr_t1,44877,44621,0.9942955188626691,0.9950459603289792,256,0.9999999848994138,1.8386840849871078e-07,1.4709472679896862e-06
fini_op_yoy_t0,47204,46974,0.9951275315651216,0.9955491049830673,230,0.9999933907979864,7.232666021650402e-07,1.367187502410161e-05
fini_profit_to_gr_t0,47188,46915,0.9942146308383487,0.9947169811320755,273,0.9999996313320348,1.5869140668200998e-07,1.367187498502176e-06
fini_profit_to_gr_t0_zind,42357,31746,0.7494865075430271,0.7946589259796807,10611,0.9995746230036654,1.0474162315254887e-08,0.0031098367851332713
fini_profit_to_gr_t1,44877,44605,0.9939389887915859,0.9947363328495404,272,0.9999999862716505,1.6632080068745836e-07,1.3000488294778734e-06
fini_profit_to_op_t0,47188,46926,0.9944477409510892,0.9949298500241897,262,0.9999996268006425,1.8463134754398425e-07,1.562500003160494e-06
fini_q_ocf_to_sales_t0,46833,46689,0.9969252450195375,0.9966328011611031,174,1.0,3.7841796896032065e-07,3.015136712747335e-06
fini_q_ocf_to_sales_t0_zind,42168,33249,0.7884889015367103,0.8270343492985003,8938,0.9983424243480882,1.047674219600836e-08,0.007854046733349636
fini_q_ocf_to_sales_t1,44524,44382,0.9968107088311922,0.9966715045960329,172,1.0,3.845214848752221e-07,3.027343751682565e-06
fini_quick_ratio_t0,46624,46433,0.9959033973919011,0.9962457668118045,194,0.9999923312103102,2.479553229406406e-08,1.8386840849871078e-07
fini_quick_ratio_t0_zind,41843,33785,0.8074229859235714,0.8440251572327044,8060,0.9999765668890235,1.2408717386946932e-08,0.000496099529129162
fini_quick_ratio_t1,44325,44139,0.9958037225042301,0.9964005805515239,186,0.9999918136695141,2.4890899674723244e-08,1.8005371060780817e-07
fini_roa_t0,46306,46026,0.993953267395154,0.994581519109821,280,0.9998178626100543,9.841918924280435e-08,4.730224603122224e-07
fini_roa_t0_zind,41465,29709,0.7164837815024719,0.7725012094823416,11756,0.9997970702503737,1.5253344698429316e-08,0.0031594025348120757
fini_roa_t1,44036,43764,0.9938232355345626,0.9947363328495404,272,0.9998133303513591,1.0681152318170462e-07,5.920410153237299e-07
fini_roe_t0,46815,46545,0.9942326177507209,0.9947556845670054,271,0.9999871333866904,1.4572143580693364e-07,8.819580088470502e-07
fini_roe_t0_zind,42155,31014,0.735713438500771,0.7844025157232705,11141,0.9998274437530511,1.1802225696744273e-08,0.0025188921739044768
fini_roe_t1,44590,44327,0.9941018165507961,0.9948911465892598,264,0.9999817547747082,1.5869140668200998e-07,9.080505348535306e-07
fini_roe_yoy_t0,46648,46385,0.9943620305264963,0.99485244315433,266,0.9921695302460376,6.668090826167372e-07,1.4533691367546523e-05
fini_roic_t0,46189,45893,0.9935915477711144,0.9942718916303822,296,0.9999987892454363,1.1367797814187952e-07,6.958007823243406e-07
fini_saleexp_to_gr_t0,45414,45271,0.9968511912626062,0.9972327044025158,143,0.999999059192622,6.86645513781059e-08,7.080078141541435e-07
fini_tangibleasset_to_debt_t0,46303,46061,0.9947735567889769,0.9952781809385582,244,0.9999913008218829,2.050399783293244e-08,2.0446777426741392e-07
fini_tbassets_to_totalassets_t0,46304,46052,0.9945577055977886,0.995084663763909,254,0.9999822059906802,8.300781217940312e-07,3.2226562467485564e-06
fini_tr_yoy_t0,47182,47033,0.9968420160230597,0.9971165940977261,149,0.999998769001909,2.540588379673636e-07,1.8066406255456968e-06
fini_turn_days_t0,46260,46026,0.9949416342412452,0.9954329946782777,236,0.9985525377394345,3.4423828054741534e-06,2.4316406211255526e-05
