condition,seed,best_epoch,validation_auc,validation_threshold,roc_auc,ap,f1_val_threshold,p_at_5pct,r_at_10fpr
ORIGINAL_GAT_G6,42,3,0.514775072224515,0.4872097671031952,0.48713012477718354,0.0026271787436893354,0.0,0.004739336492890996,0.1
ORIGINAL_GAT_G6,123,1,0.5081390149951851,0.4755004644393921,0.4739928698752228,0.0024133216703868636,0.0,0.002369668246445498,0.05
ORIGINAL_GAT_G6,456,1,0.49545157518228095,0.47734928131103516,0.5262358882947118,0.002671551703730079,0.002564102564102564,0.002369668246445498,0.1
ORIGINAL_GAT_G6,789,6,0.510264479295639,0.5047643780708313,0.4726678550207962,0.0024729990754014425,0.0,0.002369668246445498,0.1
ORIGINAL_GAT_G6,1024,28,0.5354949098913193,0.5025826096534729,0.45675579322638143,0.002217543081341059,0.0,0.0,0.0
ORIGINAL_GAT_M11,42,18,0.6520893520429221,0.9143664240837097,0.6599168152109328,0.005021636940826928,0.0,0.004739336492890996,0.3
ORIGINAL_GAT_M11,123,29,0.619610675471179,0.9994316697120667,0.5783630421865715,0.0039292965869865875,0.02247191011235955,0.004739336492890996,0.1
ORIGINAL_GAT_M11,456,7,0.6535114871371578,0.8738971948623657,0.6365656565656566,0.003994027876403804,0.0,0.002369668246445498,0.2
ORIGINAL_GAT_M11,789,33,0.6156090934103728,0.9325085282325745,0.5972846108140226,0.0034767460612229765,0.0,0.0,0.25
ORIGINAL_GAT_M11,1024,18,0.5593565139634062,0.3645898103713989,0.5849524658348187,0.0032979224334307275,0.007390983000739098,0.0,0.2
ORIGINAL_GCN_G6,42,10,0.495305406520842,0.4881457984447479,0.43983363042186574,0.0020882970234002794,0.0011074197120708748,0.0,0.05
ORIGINAL_GCN_G6,123,45,0.4972554684275692,0.48286595940589905,0.4408942364824717,0.0020889017215717513,0.0011261261261261261,0.0,0.05
ORIGINAL_GCN_G6,456,1,0.5000945797221076,0.5152292847633362,0.5571420083184789,0.0026628218877448847,0.005375311960069111,0.0,0.05
ORIGINAL_GCN_G6,789,11,0.5012742468014858,0.4857197701931,0.5578163992869876,0.002668674253256162,0.005384615384615384,0.0,0.05
ORIGINAL_GCN_G6,1024,10,0.49696657036731323,0.4841930568218231,0.4408674985145573,0.002089269375843047,0.0011242270938729624,0.0,0.05
ORIGINAL_GCN_M11,42,50,0.6233801073049938,0.9701875448226929,0.5964705882352941,0.0032341004028272847,0.0,0.002369668246445498,0.05
ORIGINAL_GCN_M11,123,1,0.5518503232906864,0.9407203793525696,0.7151633986928104,0.006282587918315216,0.0,0.009478672985781991,0.3
ORIGINAL_GCN_M11,456,36,0.6083986793231532,0.9154793620109558,0.6315567439096852,0.0040356941025054705,0.0,0.002369668246445498,0.2
ORIGINAL_GCN_M11,789,44,0.6160269638189573,0.7430521249771118,0.5759714795008912,0.003272434557670856,0.0,0.0,0.1
ORIGINAL_GCN_M11,1024,24,0.6188127665428533,0.897244393825531,0.6951336898395721,0.004912993865253621,0.0,0.004739336492890996,0.25
ORIGINAL_MLP_M11,42,48,0.8232872472141973,0.7935276627540588,0.8377183600713012,0.011571361523068953,0.011834319526627219,0.016587677725118485,0.45
ORIGINAL_MLP_M11,123,24,0.821481634337598,0.7054864764213562,0.8125252525252524,0.01004467880902027,0.011299435028248588,0.009478672985781991,0.45
ORIGINAL_MLP_M11,456,44,0.8108113220525519,0.8522984981536865,0.8422162804515746,0.010491466107378581,0.015037593984962405,0.016587677725118485,0.45
ORIGINAL_MLP_M11,789,22,0.8284530196725821,0.6667288541793823,0.825103980986334,0.011431395380859393,0.022304832713754646,0.014218009478672985,0.4
ORIGINAL_MLP_M11,1024,36,0.8146065483560324,0.7793102264404297,0.8418775995246583,0.011150926211770235,0.012121212121212121,0.016587677725118485,0.45
ORIGINAL_RGCN_G6,42,1,0.5590538588526619,0.4750538766384125,0.4354664289958408,0.002242765028304135,0.0,0.002369668246445498,0.05
ORIGINAL_RGCN_G6,123,1,0.5793713027926812,0.5073659420013428,0.47604575163398694,0.002178770943785809,0.0,0.0,0.0
ORIGINAL_RGCN_G6,456,1,0.5369565965057091,0.463392436504364,0.3989067142008318,0.0019583679389886146,0.0018709073900841909,0.0,0.05
ORIGINAL_RGCN_G6,789,1,0.5374552895859128,0.4717038571834564,0.5094771241830066,0.0024275993745373863,0.00424757281553398,0.0,0.1
ORIGINAL_RGCN_G6,1024,7,0.5279835603246664,0.4572640657424927,0.5135472370766488,0.0024367391755306046,0.0024464831804281344,0.0,0.0
ORIGINAL_RGCN_M11,42,20,0.8017196313110468,0.8894778490066528,0.7472964943553178,0.0068933267859982465,0.015267175572519083,0.009478672985781991,0.3
ORIGINAL_RGCN_M11,123,19,0.8072620030265512,0.8270145058631897,0.7100653594771241,0.00699821703114918,0.015444015444015444,0.009478672985781991,0.35
ORIGINAL_RGCN_M11,456,18,0.7814107855275829,0.9204667806625366,0.6688948306595365,0.008608218782898353,0.01639344262295082,0.011848341232227487,0.35
ORIGINAL_RGCN_M11,789,11,0.8156073737790618,0.8146232962608337,0.7420380273321449,0.00884770785121323,0.019417475728155338,0.009478672985781991,0.45
ORIGINAL_RGCN_M11,1024,12,0.778150364561838,0.7772615551948547,0.710718954248366,0.006330709178800985,0.013333333333333334,0.009478672985781991,0.3
ORIGINAL_SAGE_G6,42,6,0.522540927225203,0.4781780242919922,0.5563963161021984,0.0027027814113919435,0.0,0.0,0.0
ORIGINAL_SAGE_G6,123,5,0.5454704911267024,0.4687272012233734,0.4179590017825312,0.0019591434312400714,0.0,0.0,0.0
ORIGINAL_SAGE_G6,456,1,0.49287728710964374,0.42839378118515015,0.436301247771836,0.0020314005770218574,0.0,0.0,0.0
ORIGINAL_SAGE_G6,789,1,0.5211789792268537,0.45705071091651917,0.4348306595365419,0.002045921387903585,0.0,0.0,0.0
ORIGINAL_SAGE_G6,1024,1,0.49239750997386167,0.46277379989624023,0.45030005941770646,0.0020916446517342726,0.0,0.0,0.0
ORIGINAL_SAGE_M11,42,9,0.810701265648645,0.788947582244873,0.7431253713606655,0.007283477250360342,0.00881057268722467,0.009478672985781991,0.4
ORIGINAL_SAGE_M11,123,11,0.834712477644793,0.9005998969078064,0.7815686274509803,0.009874356268980075,0.0,0.014218009478672985,0.45
ORIGINAL_SAGE_M11,456,10,0.8250619067271977,0.8200194835662842,0.7836779560308971,0.008441665270364891,0.023529411764705882,0.0071090047393364926,0.4
ORIGINAL_SAGE_M11,789,12,0.8309172513413123,0.8199896216392517,0.7575995246583482,0.008494978110424638,0.027649769585253458,0.009478672985781991,0.45
ORIGINAL_SAGE_M11,1024,10,0.812685720181593,0.7944670915603638,0.733749257278669,0.007733717548409797,0.023076923076923078,0.014218009478672985,0.35
REVERSE_GCN_M11,42,15,0.8303239785390012,0.8834533095359802,0.8058823529411765,0.008526330826799959,0.010362694300518135,0.009478672985781991,0.5
REVERSE_GCN_M11,123,11,0.812534392626221,0.8293024301528931,0.8387462863933453,0.009145460169178148,0.007326007326007326,0.0071090047393364926,0.5
REVERSE_GCN_M11,456,8,0.8005846746457559,0.7018065452575684,0.8199168152109328,0.008660838867232774,0.008130081300813009,0.004739336492890996,0.5
REVERSE_GCN_M11,789,12,0.7862773421378457,0.8668327331542969,0.823321449792038,0.008424496908394594,0.01098901098901099,0.004739336492890996,0.5
REVERSE_GCN_M11,1024,11,0.798607098638052,0.7881815433502197,0.8027035056446821,0.006752076253683716,0.006060606060606061,0.002369668246445498,0.35
REVERSE_GCN_G6,42,62,0.6723018984729674,0.503594696521759,0.5767914438502674,0.005069725737322564,0.0,0.0071090047393364926,0.2
REVERSE_GCN_G6,123,30,0.6764788829275004,0.4906681478023529,0.5834640522875817,0.005436462257976138,0.0,0.0071090047393364926,0.25
REVERSE_GCN_G6,456,33,0.6748813454395378,0.49161818623542786,0.5797504456327986,0.0053756536818822245,0.0,0.0071090047393364926,0.2
REVERSE_GCN_G6,789,7,0.680311941119824,0.4793218672275543,0.5928698752228163,0.0053477514230603936,0.0,0.0071090047393364926,0.25
REVERSE_GCN_G6,1024,33,0.67866281469253,0.49267640709877014,0.5839364230540701,0.005390085755752803,0.0,0.0071090047393364926,0.25
REVERSE_GAT_M11,42,7,0.8207009217223827,0.9201738238334656,0.8305109922756981,0.009700176646923173,0.0,0.016587677725118485,0.5
REVERSE_GAT_M11,123,19,0.7349893382858717,0.9131700992584229,0.5911556743909685,0.0035319759079839906,0.004366812227074236,0.002369668246445498,0.15
REVERSE_GAT_M11,456,4,0.8177225202916496,0.8386722803115845,0.7492572786690435,0.004949137022653796,0.005008347245409015,0.002369668246445498,0.1
REVERSE_GAT_M11,789,5,0.7641594442151602,0.7736313939094543,0.6812477718360072,0.00439511699611204,0.004234297812279464,0.004739336492890996,0.1
REVERSE_GAT_M11,1024,10,0.8109884440775897,0.9275922179222107,0.7092156862745098,0.0038444832944917844,0.004016064257028112,0.004739336492890996,0.0
REVERSE_GAT_G6,42,4,0.6246268400055028,0.489123672246933,0.6039869281045751,0.003747362343777146,0.0,0.002369668246445498,0.2
REVERSE_GAT_G6,123,4,0.64541718255606,0.48866716027259827,0.6252198455139631,0.004459930900252148,0.0,0.004739336492890996,0.2
REVERSE_GAT_G6,456,7,0.6402548493602972,0.4842323064804077,0.6159328579916815,0.004160243866511537,0.0,0.004739336492890996,0.2
REVERSE_GAT_G6,789,1,0.6203827899298391,0.4905151128768921,0.5999762329174094,0.0036266542260794394,0.0,0.002369668246445498,0.2
REVERSE_GAT_G6,1024,17,0.6215194662264409,0.4982447326183319,0.6011705288175877,0.0036440341956048344,0.0,0.002369668246445498,0.2
REVERSE_SAGE_M11,42,4,0.8186201678360161,0.7077657580375671,0.810326797385621,0.008532559416982463,0.009216589861751152,0.0071090047393364926,0.4
REVERSE_SAGE_M11,123,8,0.8223483285183656,0.8439841270446777,0.8530005941770648,0.011701294198120523,0.0,0.009478672985781991,0.6
REVERSE_SAGE_M11,456,7,0.8258529371302794,0.8057092428207397,0.7982471776589424,0.008640581331394538,0.01092896174863388,0.0071090047393364926,0.45
REVERSE_SAGE_M11,789,6,0.8192873847847022,0.712661862373352,0.80815210932858,0.008312503635037265,0.0,0.011848341232227487,0.35
REVERSE_SAGE_M11,1024,7,0.8248624294951162,0.7922998666763306,0.8169815805109923,0.008543283205211452,0.009389671361502348,0.011848341232227487,0.4
REVERSE_SAGE_G6,42,4,0.5784186270463613,0.5014053583145142,0.5020796197266785,0.0024439132098894676,0.0,0.0,0.05
REVERSE_SAGE_G6,123,3,0.6064830100426469,0.48449698090553284,0.629245395127748,0.00401076150002528,0.0,0.004739336492890996,0.15
REVERSE_SAGE_G6,456,1,0.4451884715916907,0.4506676495075226,0.38470885323826504,0.003440821185452585,0.0,0.002369668246445498,0.05
REVERSE_SAGE_G6,789,9,0.5218565139634063,0.4914977252483368,0.4898930481283422,0.0022645536194936507,0.0021941854086670325,0.0,0.0
REVERSE_SAGE_G6,1024,7,0.5177276791855826,0.5014312863349915,0.5126143790849673,0.0043931912138404985,0.004524886877828055,0.002369668246445498,0.1
REVERSE_RGCN_M11,42,10,0.8066721694868619,0.8889772295951843,0.6755258467023173,0.006884693076670639,0.01593625498007968,0.009478672985781991,0.35
REVERSE_RGCN_M11,123,7,0.7819197963956528,0.878086507320404,0.7160903149138443,0.007753518456726083,0.02168021680216802,0.011848341232227487,0.35
REVERSE_RGCN_M11,456,6,0.800223552070436,0.9691444635391235,0.7427688651218063,0.008564116081710434,0.010582010582010581,0.009478672985781991,0.5
REVERSE_RGCN_M11,789,17,0.7792818819645068,0.9155761003494263,0.6304337492572787,0.006895716513687224,0.019230769230769232,0.009478672985781991,0.35
REVERSE_RGCN_M11,1024,6,0.8114217911679736,0.7981438636779785,0.7187581699346406,0.007283722463936348,0.0111731843575419,0.0071090047393364926,0.4
REVERSE_RGCN_G6,42,2,0.5845749071399092,0.4843641519546509,0.5805763517528224,0.004008307187385872,0.0,0.002369668246445498,0.25
REVERSE_RGCN_G6,123,2,0.5599566652909617,0.5024422407150269,0.4194949494949495,0.0020474660635665634,0.0,0.0,0.05
REVERSE_RGCN_G6,456,1,0.5768967533360847,0.488202840089798,0.5695989304812834,0.003220721565339006,0.0,0.002369668246445498,0.05
REVERSE_RGCN_G6,789,38,0.48723689640940987,0.4493587613105774,0.574004753416518,0.005090399811207334,0.0047370914258645196,0.0071090047393364926,0.15
REVERSE_RGCN_G6,1024,1,0.510702985279956,0.4788118898868561,0.5405288175876412,0.004457103702601836,0.016129032258064516,0.004739336492890996,0.1
