family,label,left,right,modal,roc_auc_observed_delta,roc_auc_bootstrap_ci_lo,roc_auc_bootstrap_ci_hi,roc_auc_bootstrap_prob_delta_le_0,ap_observed_delta,ap_bootstrap_ci_lo,ap_bootstrap_ci_hi,ap_bootstrap_prob_delta_le_0,f1_observed_delta,f1_bootstrap_ci_lo,f1_bootstrap_ci_hi,f1_bootstrap_prob_delta_le_0,p_at_5pct_observed_delta,p_at_5pct_bootstrap_ci_lo,p_at_5pct_bootstrap_ci_hi,p_at_5pct_bootstrap_prob_delta_le_0,r_at_10fpr_observed_delta,r_at_10fpr_bootstrap_ci_lo,r_at_10fpr_bootstrap_ci_hi,r_at_10fpr_bootstrap_prob_delta_le_0,model,tabular_model
architecture,label_v1_strict_ab_primary,MLP_M5,GCN_M5,M5,0.17967914438502675,0.06781878008517281,0.3236091681500541,0.0035,0.003505341225030134,0.0008324522521139081,0.009965169323747759,0.003,0.011229872181623333,0.0018696725511751144,0.023113432868933362,0.0,0.005687203791469195,-0.00047393364928909954,0.012766713723908434,0.0615,0.22999999999999998,0.04285714285714286,0.4154166666666665,0.011,,
architecture,label_v1_strict_ab_primary,MLP_M5,GAT_M5,M5,0.16773915626856806,0.061788239804376616,0.2789382006938807,0.0035,0.002745859045603839,0.0004897673058787169,0.0075583692427196566,0.0065,0.01010863882493097,0.0010827340712335526,0.02148083358816204,0.002,0.002843601895734598,-0.0018912529550827422,0.008086373414601299,0.173,0.12,-0.04350241545893714,0.2750297619047618,0.0695,,
architecture,label_v1_strict_ab_primary,MLP_M5,SAGE_M5,M5,0.07116458704694018,0.005372643252131758,0.15490514448614678,0.0135,0.0011836044827450432,-0.00018288755232482654,0.003793477091407323,0.0485,0.010168864224063651,0.0018696725511751144,0.021621793576248848,0.0,0.0014218009478672994,-0.0009478672985781991,0.00424553392211963,0.2155,0.019999999999999962,-0.09230769230769234,0.12499999999999994,0.4095,,
architecture,label_v1_strict_ab_primary,MLP_M5,RGCN_M5,M5,0.1123291740938801,0.03479984569735576,0.1954012149295305,0.0025,0.0014199681204415037,-0.004484663238372408,0.005554282784749344,0.206,0.004163008124897686,-0.012119186159646873,0.017683628657614612,0.274,0.0009478672985781993,-0.006161137440758293,0.0056737588652482265,0.491,0.06,-0.12503289473684207,0.2083333333333332,0.231,,
architecture,label_v1_strict_ab_primary,MLP_M10,GCN_M10,M10,0.26876232917409393,0.1469804573729713,0.40994906664978564,0.0,0.008423213802228855,0.0029741523530894733,0.020858947765501235,0.0,0.025184171676800142,0.002116402116402116,0.05430368004877084,0.0165,0.011848341232227487,0.002836712163789643,0.0236980896308721,0.002,0.42,0.16921875,0.6625164473684211,0.0,,
architecture,label_v1_strict_ab_primary,MLP_M10,GAT_M10,M10,0.24036898395721928,0.13783396087122649,0.3392594167078896,0.0005,0.007805031993976709,0.0028985188212976598,0.01921319267799984,0.0005,0.02400770108856485,0.0009693336331854491,0.05301810854169403,0.02,0.009952606635071089,0.002364066193853428,0.019431279620853077,0.001,0.34,0.12630075187969922,0.5499999999999999,0.002,,
architecture,label_v1_strict_ab_primary,MLP_M10,SAGE_M10,M10,0.07493820558526443,0.00676210118036518,0.15388400536111368,0.0095,0.002702158825218983,0.0006113454639990031,0.006967808007755877,0.005,0.005064907143388673,-0.009078955297895121,0.022014391696724315,0.268,0.002369668246445496,0.0,0.006175771971496437,0.034,0.09999999999999998,0.0,0.231578947368421,0.039,,
architecture,label_v1_strict_ab_primary,MLP_M10,RGCN_M10,M10,0.12988413547237077,0.05493669980067752,0.2078019904835625,0.0,0.003179230644046677,-0.0043541871436545265,0.010685827287020316,0.1425,0.007252396068005901,-0.01741608193119357,0.0347009965138861,0.3345,0.002369668246445496,-0.0009478672985781984,0.008510638297872339,0.107,0.13,0.031989473684210554,0.22666666666666674,0.004,,
architecture,label_v1_strict_ab_primary,MLP_M11,GCN_M11,M11,0.18902911467617356,0.10241563627551885,0.28688249565564683,0.0,0.006590403437104997,0.0012509022353365293,0.021314857283138065,0.006,0.014519478674960996,0.0011048962756647336,0.038931205972644864,0.0205,0.01090047393364929,0.0014218009478672987,0.0221711215932914,0.0115,0.26000000000000006,0.028538961038960996,0.46672413793103423,0.0165,,
architecture,label_v1_strict_ab_primary,MLP_M11,GAT_M11,M11,0.22047177658942374,0.12199832597722728,0.32342601545387567,0.0005,0.006994039626645281,0.0016634708570031564,0.021695777886315024,0.006,0.008546900052341266,-0.009684127437935008,0.034428927193112226,0.2345,0.01232227488151659,0.0018957345971564003,0.02364066193853428,0.0045,0.23000000000000004,0.03843750000000004,0.44446969696969685,0.014,,
architecture,label_v1_strict_ab_primary,MLP_M11,SAGE_M11,M11,0.07194414735591215,0.0038501962991363465,0.15643704184485194,0.015,0.002572326716711539,-0.0019689990787010946,0.013284241055348605,0.131,-0.002093856747860421,-0.02167227651112823,0.019595415559828078,0.5915,0.003791469194312799,-0.0009456264775413725,0.009478672985781991,0.0815,0.030000000000000082,-0.035320855614973196,0.12307692307692303,0.1955,,
architecture,label_v1_strict_ab_primary,MLP_M11,RGCN_M11,M11,0.1160855614973263,0.03966088484525025,0.1921629125245387,0.0,0.003402329680407489,-0.005685586156830187,0.01647832623936067,0.183,-0.0014516098652338112,-0.03272403095339446,0.030204988842178638,0.545,0.004739336492890997,-0.002823695893451718,0.012796208530805684,0.131,0.09000000000000008,-0.07144285714285717,0.23529411764705876,0.126,,
neural_modality,label_v1_strict_ab_primary,MLP_M10,MLP_M5,,0.08259358288770047,0.015429901854558703,0.15494002991579992,0.0055,0.00495923565262853,-1.2871050256665318e-05,0.013942498198530818,0.026,0.01395429949517681,-0.0060267883866590806,0.03866444748317182,0.0985,0.0061611374407582915,-0.00047393364928910095,0.017061611374407582,0.0395,0.2,-0.08237745098039219,0.4881529411764698,0.0845,MLP,
neural_modality,label_v1_strict_ab_primary,MLP_M11,MLP_M5,,0.07247890671420087,0.00659458981898983,0.14643585528909503,0.014,0.004443786970064327,-0.000230334843004249,0.01659005881945784,0.034,0.003289606493337663,-0.011136717705027692,0.02551313810034965,0.417,0.008056872037914694,0.00045882352941176537,0.018958471704697673,0.0235,0.14000000000000007,-0.09523809523809518,0.3833653846153846,0.118,MLP,
neural_modality,label_v1_strict_ab_primary,MLP_M11,MLP_M10,,-0.010114676173499593,-0.028832502970805758,0.005130234686028743,0.9015,-0.000515448682564203,-0.004025018048674846,0.005554832153329437,0.6035,-0.010664693001839146,-0.031821767575140596,0.006158000413217986,0.8635,0.001895734597156402,-0.0018957345971564003,0.005213270142180093,0.3135,-0.05999999999999994,-0.17500000000000004,0.04444444444444451,0.8835,MLP,
audit_ablation,label_v1_strict_ab_primary,MLP_M11,MLP_M11_NOAUDIT,,0.050874628639334674,0.0015608343639694545,0.10790413728363649,0.0215,0.003955585524620966,0.0004044064837002857,0.014579932924565558,0.01,0.004064920579123128,-0.01396366236297765,0.026101283965209898,0.364,0.006635071090047396,0.0009501187648456068,0.013711583924349879,0.0075,0.09000000000000008,-0.09338095238095237,0.30772727272727257,0.179,MLP,
neural_modality,label_v1_strict_ab_primary,GCN_M10,GCN_M5,,-0.006489601901366715,-0.08513719221027867,0.08246414043181458,0.567,4.136307542980996e-05,-0.0009431731049253696,0.0010187603543004922,0.4535,0.0,0.0,0.0,1.0,0.0,-0.0014218009478672985,0.0014184397163120566,0.695,0.010000000000000009,-0.039999999999999994,0.06666666666666667,0.46,GCN,
neural_modality,label_v1_strict_ab_primary,GCN_M11,GCN_M5,,0.06312893642305406,-0.012472019393755035,0.15209321952741417,0.0565,0.0013587247579894646,0.0002551700535691496,0.0039420314875592555,0.006,0.0,0.0,0.0,1.0,0.002843601895734597,0.0004588235294117653,0.005673758865248228,0.025,0.11,0.01052631578947369,0.22963888888888884,0.0215,GCN,
neural_modality,label_v1_strict_ab_primary,GCN_M11,GCN_M10,,0.06961853832442078,0.013360961784626136,0.12609443410056312,0.0085,0.0013173616825596546,0.0004070392501601196,0.0038546874542155843,0.0025,0.0,0.0,0.0,1.0,0.002843601895734597,0.0,0.005700712589073634,0.0355,0.09999999999999999,0.017391304347826098,0.19047619047619047,0.0125,GCN,
audit_ablation,label_v1_strict_ab_primary,GCN_M11,GCN_M11_NOAUDIT,,0.08266428995840769,0.003261524577015015,0.16609581654725775,0.0205,0.0013759471265883793,5.494605963696971e-05,0.004286590074702441,0.02,0.0,0.0,0.0,1.0,0.0037914691943127963,0.00047393364928909954,0.007565459984538332,0.011,0.1,-0.027272727272727282,0.23338235294117626,0.068,GCN,
neural_modality,label_v1_strict_ab_primary,GAT_M10,GAT_M5,,0.00996375519904924,-0.038144758601687465,0.0586505423218758,0.347,-9.993729574433877e-05,-0.0018015221728154432,0.0011272545372182513,0.5805,5.523723154293248e-05,-0.0016360197189464259,0.002202010479570732,0.5255,-0.0009478672985781989,-0.0037916943409395374,0.002843601895734597,0.66,-0.020000000000000018,-0.10000000000000003,0.07620879120879112,0.7475,GAT,
neural_modality,label_v1_strict_ab_primary,GAT_M11,GAT_M5,,0.01974628639334519,-0.042172945800000465,0.080320950884785,0.241,0.00019560638902288516,-0.0016710405172065815,0.002660548659602384,0.414,0.004851345265927369,-0.0002705252674455584,0.013749120540048548,0.0565,-0.0014218009478672985,-0.004285714285714287,0.0018957345971563984,0.829,0.030000000000000027,-0.0750480769230769,0.12307692307692306,0.3385,GAT,
neural_modality,label_v1_strict_ab_primary,GAT_M11,GAT_M10,,0.009782531194295951,-0.043082527822353535,0.05746730006890052,0.3285,0.00029554368476722393,-0.0005603747145224488,0.0023328058540023405,0.265,0.004796108034384437,0.000586929814558622,0.01171304828411434,0.003,-0.00047393364928909965,-0.0037914691943127963,0.002375296912114015,0.7295,0.050000000000000044,-0.03449025487256373,0.1294117647058824,0.1315,GAT,
audit_ablation,label_v1_strict_ab_primary,GAT_M11,GAT_M11_NOAUDIT,,0.011689839572192495,-0.03922809018413198,0.06258657041243275,0.3035,6.68551349304481e-05,-0.001582178076935812,0.0012233853410798428,0.451,-0.0023985698367640232,-0.008294610254386102,0.0009789189878713508,0.7785,-0.00047393364928909965,-0.0033018867924528308,0.0018912529550827424,0.699,0.08000000000000002,-0.04444444444444445,0.1894736842105263,0.1215,GAT,
neural_modality,label_v1_strict_ab_primary,SAGE_M10,SAGE_M5,,0.07881996434937621,-0.005739449763512691,0.1655995210472196,0.0325,0.0034406813101545905,-0.00019062144727502643,0.010378835304316061,0.034,0.01905825657585179,0.002515453751690024,0.04230979331417297,0.0165,0.005213270142180095,-0.0009501187648456055,0.014657210401891252,0.069,0.12,-0.11669117647058823,0.37272727272727263,0.1685,SAGE,
neural_modality,label_v1_strict_ab_primary,SAGE_M11,SAGE_M5,,0.0716993464052289,-0.016806179668697435,0.16226737380371095,0.0625,0.0030550647360978317,-0.0007519209664185323,0.010179875525500762,0.0555,0.015552327465261735,0.0032341989801045463,0.03248076872171619,0.0165,0.005687203791469194,-0.0004728132387706854,0.014657210401891253,0.0465,0.12999999999999995,-0.11432330827067679,0.3579473684210524,0.152,SAGE,
neural_modality,label_v1_strict_ab_primary,SAGE_M11,SAGE_M10,,-0.007120617944147312,-0.03799662419497636,0.026373897607530367,0.687,-0.0003856165740567588,-0.0020210478212168304,0.0008575537512085128,0.7575,-0.0035059291105900524,-0.014385191112003594,0.0056474336379925445,0.7685,0.0004739336492890992,-0.000952380952380952,0.0018957345971563951,0.448,0.009999999999999953,-0.09999999999999998,0.10911363636363627,0.5205,SAGE,
audit_ablation,label_v1_strict_ab_primary,SAGE_M11,SAGE_M11_NOAUDIT,,0.04245395127748064,-0.019179712780970234,0.13096440964577252,0.1105,0.0022328364661907156,-0.0014874097380658691,0.009402105884082005,0.112,0.006425926844937681,-0.01333379729074063,0.027452331606527474,0.256,0.0028436018957345988,-0.006676886792452829,0.013270142180094788,0.258,0.09000000000000002,-0.04446969696969692,0.28571428571428564,0.125,SAGE,
neural_modality,label_v1_strict_ab_primary,RGCN_M10,RGCN_M5,,0.0650386215092098,-0.033081720888892316,0.16933339257748786,0.1,0.003199973129023357,7.12180033532474e-05,0.010901536714406043,0.0235,0.010864911552068594,0.0,0.02821434818399693,0.0515,0.004739336492890995,0.00047281323877068583,0.009026128266033254,0.019,0.13,-0.057142857142857106,0.35,0.089,RGCN,
neural_modality,label_v1_strict_ab_primary,RGCN_M11,RGCN_M5,,0.06872251931075468,-0.0375944167600368,0.17449083142038835,0.1015,0.002461425410098342,-0.00145565784508,0.009985190524882408,0.0885,0.00890422448346916,-0.0028072646404744255,0.027191543222095278,0.1445,0.0042654028436018955,-0.0018913649961345847,0.009600744935966075,0.1005,0.10999999999999999,-0.09166666666666662,0.3111111111111111,0.145,RGCN,
neural_modality,label_v1_strict_ab_primary,RGCN_M11,RGCN_M10,,0.0036838978015448776,-0.02867070244921928,0.0365723273897438,0.4135,-0.000738547718925015,-0.004058390053092864,0.0009619110837527129,0.7885,-0.0019606870685994343,-0.006442104676708848,0.0010319496974401717,0.8415,-0.0004739336492890992,-0.003782505910165485,0.002843601895734597,0.6665,-0.020000000000000018,-0.14482758620689656,0.08571428571428569,0.6695,RGCN,
audit_ablation,label_v1_strict_ab_primary,RGCN_M11,RGCN_M11_NOAUDIT,,0.027710041592394652,-0.033022138046978906,0.10035505146895905,0.1885,0.0017699026402540792,-0.0022065831616768887,0.01165563965689989,0.197,0.0093901879959098,-0.008127607259333399,0.0323173953400389,0.1885,0.0037914691943127963,-0.004728132387706855,0.012351543942992873,0.213,0.04999999999999999,-0.13000000000000006,0.2615384615384615,0.3125,RGCN,
label_robustness_architecture,label_v1_strict_aonly_sensitivity,AONLY_MLP_M11,AONLY_GCN_M11,M11,0.17850955374175181,0.07792284480578092,0.2991350878129751,0.0,0.006441542248841816,0.0016366675562289794,0.022924089585389017,0.001,0.018778329591535383,0.0011299435028248588,0.04907690754820444,0.018,0.01090047393364929,0.002358490566037736,0.021750697455547707,0.002,0.2947368421052631,0.047058823529411764,0.5066923076923074,0.0115,,
label_robustness_architecture,label_v1_strict_aonly_sensitivity,AONLY_MLP_M11,AONLY_GAT_M11,M11,0.2181186477780903,0.11189402735870276,0.3205369227207433,0.0,0.006603770153627904,0.0012440655438244314,0.023380934321443995,0.006,0.016951845573270542,-0.0008129999912080675,0.0477485227670298,0.0465,0.009478672985781991,0.0009456264775413712,0.02033096926713948,0.0125,0.3052631578947368,0.046086956521739136,0.517705882352941,0.0095,,
label_robustness_architecture,label_v1_strict_aonly_sensitivity,AONLY_MLP_M11,AONLY_SAGE_M11,M11,0.09613847452856727,0.008007968154218696,0.18742515319514552,0.0125,0.0028041400989039745,-0.0032193956517998497,0.015887121688621,0.151,0.003939621436173362,-0.022758346568287093,0.0341715191558712,0.3945,0.002843601895734597,-0.002375438298834976,0.009953197644966284,0.222,0.09473684210526306,-0.04999999999999999,0.20801739130434774,0.136,,
label_robustness_architecture,label_v1_strict_aonly_sensitivity,AONLY_MLP_M11,AONLY_RGCN_M11,M11,0.1682909591268723,0.07977352829299592,0.24799264667607443,0.0,0.0026246320305760573,-0.015641684918309674,0.017706234074237884,0.284,-0.005543656224067453,-0.05463269093870393,0.038039354238666376,0.5655,0.003317535545023698,-0.004706159822419534,0.012826603325415676,0.239,0.14736842105263154,-0.033333333333333326,0.28421052631578947,0.061,,
label_robustness_architecture,label_v1_loose_ab_sensitivity,LOOSE_MLP_M11,LOOSE_GCN_M11,M11,0.15281359658394278,0.06821573837561397,0.23005942378627955,0.0005,0.010427303699211054,0.00202043464258536,0.023684396966588063,0.0055,0.03263611182877124,0.008455983234432361,0.06137710507546653,0.0025,0.016113744075829384,0.0038004750593824245,0.032153204934287916,0.003,0.2580645161290323,0.07804200542005427,0.42400606060606066,0.0015,,
label_robustness_architecture,label_v1_loose_ab_sensitivity,LOOSE_MLP_M11,LOOSE_GAT_M11,M11,0.17326766160740692,0.09968165382715356,0.25458198215912,0.0,0.010502563588063573,0.002801662956181368,0.023556235539789375,0.0025,0.027120059253895136,-0.0002844180516334681,0.05732746155166135,0.0285,0.015639810426540283,0.003782505910165485,0.031283344617467825,0.003,0.25161290322580643,0.07328571428571426,0.42163663663663653,0.004,,
label_robustness_architecture,label_v1_loose_ab_sensitivity,LOOSE_MLP_M11,LOOSE_SAGE_M11,M11,0.05679002855682336,-0.012929131590052184,0.14009008204853318,0.067,0.0016403657534097872,-0.0033145146591253656,0.008156149094018355,0.258,-0.0012726706775895782,-0.023262403117303296,0.018322162699245054,0.5315,0.0018957345971563969,-0.0033096926713948004,0.009952606635071085,0.2305,0.0,-0.0928571428571428,0.09704545454545409,0.54,,
label_robustness_architecture,label_v1_loose_ab_sensitivity,LOOSE_MLP_M11,LOOSE_RGCN_M11,M11,0.06166621185857635,-0.0036752935263396204,0.13995167751624,0.0345,0.0015737200715154817,-0.014897094577445431,0.008318474289076568,0.3395,0.002375574642530319,-0.023371925734364946,0.027182674537386008,0.4395,0.0009478672985781984,-0.005687203791469191,0.010926365795724462,0.3445,0.06451612903225806,-0.020012820512820526,0.13916568742655683,0.084,,
matched_weight_cross_family,label_v1_strict_ab_primary,MLP_M5,TABW_Lasso_M5,M5,0.1223208556149733,-0.013887920794764716,0.26827294643947414,0.043,0.0004750322432810362,-0.00802267034296333,0.005083741025106389,0.4045,-0.016547905596154447,-0.07478992882277694,0.016035722948946767,0.6145,-0.00047393364928909835,-0.007619047619047617,0.0052012537393701045,0.653,0.0,-0.12999999999999995,0.14736842105263154,0.5285,,Lasso
matched_weight_cross_family,label_v1_strict_ab_primary,MLP_M5,TABW_Ridge_M5,M5,0.12302198455139646,-0.013637280181173621,0.27365046053094827,0.0435,0.0007746082314191386,-0.007737164920143297,0.005804411303554654,0.3575,-0.012866513360545343,-0.06194004195418201,0.016035722948946767,0.6055,0.0018957345971563986,-0.005225653206650831,0.008560821573284845,0.392,0.04999999999999999,-0.11335714285714286,0.23752403846153833,0.298,,Ridge
matched_weight_cross_family,label_v1_strict_ab_primary,MLP_M5,TABW_RandomForest_M5,M5,-0.000922162804515736,-0.07253004115730416,0.07821036812196147,0.5535,-0.006505107978652917,-0.04749133462823091,0.00029794965601541304,0.958,-0.027782129092050228,-0.10122484038195399,0.011989675680799894,0.7105,-0.008530805687203791,-0.018052256532066508,-0.0018912529550827424,1.0,-0.04999999999999999,-0.22105263157894728,0.07778985507246365,0.778,,RandomForest
matched_weight_cross_family,label_v1_strict_ab_primary,MLP_M5,TABW_XGBoost_M5,M5,0.09115626856803338,-0.01574070649101007,0.20312145474911414,0.0475,-0.0022611973044582914,-0.01053333317646581,0.0013903773406319026,0.846,-0.016742155790404643,-0.05415556429798724,0.010598291928508913,0.8185,-0.00995260663507109,-0.021327014218009473,-0.002369668246445497,1.0,-0.04999999999999999,-0.22105263157894728,0.07778985507246365,0.778,,XGBoost
matched_weight_cross_family,label_v1_strict_ab_primary,MLP_M10,TABW_Lasso_M10,M10,0.18292275698158056,0.03486119221851813,0.3358092449011399,0.0075,0.004046247750940333,-0.0037828342860634218,0.01369109003744441,0.119,0.025184171676800142,0.002116402116402116,0.05430368004877084,0.0165,0.0033175355450236945,-0.0047169811320754715,0.012707384230287852,0.2145,0.25,0.06659090909090906,0.39999999999999997,0.006,,Lasso
matched_weight_cross_family,label_v1_strict_ab_primary,MLP_M10,TABW_Ridge_M10,M10,0.18503921568627446,0.03500486474205832,0.34568052866511184,0.007,0.0038424053675494554,-0.00418182402039986,0.013373943605236516,0.1345,0.025184171676800142,0.002116402116402116,0.05430368004877084,0.0165,0.0033175355450236945,-0.0047169811320754715,0.012360402403241533,0.215,0.2,-0.03849999999999997,0.36475490196078403,0.0505,,Ridge
matched_weight_cross_family,label_v1_strict_ab_primary,MLP_M10,TABW_RandomForest_M10,M10,0.05213963161021984,-0.0011121516419639761,0.11220339784065396,0.027,-0.00026799290263979786,-0.014606295295858432,0.005776355268694528,0.588,0.011771104124197705,-0.00917422509038226,0.03596311604790992,0.155,-0.0014218009478672994,-0.009953197644966286,0.007075471698113208,0.6195,0.12,-0.1333333333333333,0.36,0.1745,,RandomForest
matched_weight_cross_family,label_v1_strict_ab_primary,MLP_M10,TABW_XGBoost_M10,M10,0.14995306001188358,0.024095944038130698,0.27807937464943483,0.008,0.0059136173925666445,0.0008547488209176496,0.016370830204505478,0.01,0.025184171676800142,0.002116402116402116,0.05430368004877084,0.0165,0.0033175355450236945,-0.005687203791469194,0.015602836879432622,0.215,0.2,-0.06153846153846154,0.44005263157894714,0.071,,XGBoost
matched_weight_cross_family,label_v1_strict_ab_primary,MLP_M11,TABW_Lasso_M11,M11,0.17424004753416522,0.01343713063238175,0.33054927499325865,0.0145,0.003518660109429708,-0.007464514336296996,0.01807323653514902,0.2255,0.014519478674960996,0.0011048962756647336,0.038931205972644864,0.0205,0.005213270142180097,-0.0037914691943127963,0.016587677725118485,0.1515,0.14000000000000007,-0.0353208556149733,0.31669117647058814,0.0565,,Lasso
matched_weight_cross_family,label_v1_strict_ab_primary,MLP_M11,TABW_Ridge_M11,M11,0.17603565062388604,0.012494942481914706,0.33835958398490945,0.0165,0.003444652814330415,-0.007448906896210871,0.018145084196805217,0.2275,0.014519478674960996,0.0011048962756647336,0.038931205972644864,0.0205,0.005213270142180097,-0.004750593824228029,0.016037735849056604,0.194,0.14000000000000007,-0.11002777777777777,0.31539473684210517,0.146,,Ridge
matched_weight_cross_family,label_v1_strict_ab_primary,MLP_M11,TABW_RandomForest_M11,M11,0.024950089126559827,-0.028211000184524892,0.08036494221209768,0.203,-0.00035059053231773114,-0.012260337014710462,0.006515575620541916,0.5985,-0.006967445156356427,-0.034925723417056,0.00775576718671539,0.638,0.0004739336492891027,-0.01042654028436019,0.010901121230201167,0.521,0.08000000000000002,-0.1523949579831932,0.2941331269349844,0.262,,RandomForest
matched_weight_cross_family,label_v1_strict_ab_primary,MLP_M11,TABW_XGBoost_M11,M11,0.17335591206179457,0.03412789393128871,0.2994842868892515,0.006,0.005894638193743958,-0.0008704824893705704,0.019508274659750826,0.039,0.014519478674960996,0.0011048962756647336,0.038931205972644864,0.0205,0.01232227488151659,-0.002830188679245283,0.023171985815602814,0.0645,0.14000000000000007,-0.16363636363636364,0.3999999999999999,0.174,,XGBoost
weighted_tabular_modality,label_v1_strict_ab_primary,TABW_Lasso_M10,TABW_Lasso_M5,,0.02199168152109321,-0.08422687081767873,0.11690184991485368,0.3155,0.001388020144969234,-0.005223919811413483,0.010428936014594813,0.33,-0.02777777777777778,-0.09090909090909091,0.0,1.0,0.0023696682464454987,-0.007109004739336493,0.014218009478672987,0.416,-0.04999999999999999,-0.2777777777777778,0.25041666666666446,0.6615,Lasso,
weighted_tabular_modality,label_v1_strict_ab_primary,TABW_Lasso_M11,TABW_Lasso_M5,,0.020559714795008954,-0.09429960089347013,0.1368313029070836,0.357,0.0014001591039156554,-0.0049950904518462486,0.011325533565236797,0.3405,-0.02777777777777778,-0.09090909090909091,0.0,1.0,0.0023696682464454987,-0.0071263148965049206,0.011904761904761904,0.474,0.0,-0.27272727272727265,0.3181818181818181,0.5775,Lasso,
weighted_tabular_modality,label_v1_strict_ab_primary,TABW_Lasso_M11,TABW_Lasso_M10,,-0.001431966726084255,-0.04231587644704633,0.03614933352519844,0.516,1.2138958946421481e-05,-0.0012814517912788511,0.0017795393587533355,0.4545,0.0,0.0,0.0,1.0,0.0,-0.007109004739336493,0.0,0.9945,0.04999999999999999,-0.10526315789473684,0.16000000000000003,0.5395,Lasso,
weighted_tabular_modality,label_v1_strict_ab_primary,TABW_Ridge_M10,TABW_Ridge_M5,,0.020576351752822464,-0.08904392243766145,0.1162497054913636,0.3305,0.0018914385164982136,-0.004334148640079686,0.011511268483485245,0.257,-0.024096385542168676,-0.07894736842105263,0.0,1.0,0.004739336492890996,-0.004728132387706854,0.014285714285714287,0.227,0.04999999999999999,-0.18181818181818182,0.375,0.362,Ridge,
weighted_tabular_modality,label_v1_strict_ab_primary,TABW_Ridge_M11,TABW_Ridge_M5,,0.01946524064171129,-0.09813490266777328,0.1350248064512737,0.3665,0.001773742387153051,-0.004469945947712934,0.011442196333199171,0.28,-0.024096385542168676,-0.07894736842105263,0.0,1.0,0.004739336492890996,-0.004728132387706855,0.014319809069212411,0.2235,0.04999999999999999,-0.190521978021978,0.4118872549019601,0.3695,Ridge,
weighted_tabular_modality,label_v1_strict_ab_primary,TABW_Ridge_M11,TABW_Ridge_M10,,-0.0011111111111111738,-0.043589864630021125,0.038065641118135166,0.503,-0.00011769612934516265,-0.0014319152542367902,0.0012272582977270402,0.559,0.0,0.0,0.0,1.0,0.0,0.0,0.002369668246445496,0.9665,0.0,-0.125,0.125,0.7935,Ridge,
weighted_tabular_modality,label_v1_strict_ab_primary,TABW_RandomForest_M10,TABW_RandomForest_M5,,0.029531788472964893,-0.02119832714306006,0.08679314817206304,0.155,-0.0012778794233845887,-0.025930988488991023,0.005522073255876489,0.637,-0.025598933721071124,-0.07080148269781009,0.0,1.0,-0.0009478672985782002,-0.009976840855106894,0.007125890736342043,0.592,0.030000000000000027,-0.12505681818181819,0.19999999999999996,0.366,RandomForest,
weighted_tabular_modality,label_v1_strict_ab_primary,TABW_RandomForest_M11,TABW_RandomForest_M5,,0.04660665478312531,-0.005962299748378724,0.10412557006522825,0.041,-0.0017107304762708584,-0.025877659792206038,0.004996231752896379,0.681,-0.017525077442356138,-0.04727484145151559,0.0,1.0,-0.0009478672985782002,-0.009976840855106894,0.007109426889261632,0.597,0.010000000000000064,-0.15238095238095228,0.18948684210526306,0.4825,RandomForest,
weighted_tabular_modality,label_v1_strict_ab_primary,TABW_RandomForest_M11,TABW_RandomForest_M10,,0.01707486631016042,-0.00939788592905021,0.049004549589882075,0.1075,-0.00043285105288626974,-0.002548102670204283,0.0014634524961588988,0.7065,0.008073856278714986,0.0,0.02718176586137802,0.3735,0.0,-0.0009433962264150941,0.0,1.0,-0.019999999999999962,-0.08335526315789482,0.028571428571428525,0.7965,RandomForest,
weighted_tabular_modality,label_v1_strict_ab_primary,TABW_XGBoost_M10,TABW_XGBoost_M5,,0.023796791443850274,-0.05349223584888951,0.11430528183398438,0.2915,-0.0032155790443964055,-0.01264246044090883,0.0003865307445486285,0.9515,-0.027972027972027975,-0.07142857142857142,0.0,1.0,-0.007109004739336493,-0.016666666666666666,0.0,1.0,-0.04999999999999999,-0.2222222222222222,0.13333333333333333,0.8035,XGBoost,
weighted_tabular_modality,label_v1_strict_ab_primary,TABW_XGBoost_M11,TABW_XGBoost_M5,,-0.009720736779560313,-0.13390705721943513,0.12324018557184595,0.574,-0.003712048528137922,-0.015506395286890982,0.0014977256663999228,0.8965,-0.027972027972027975,-0.07142857142857142,0.0,1.0,-0.014218009478672987,-0.026190476190476188,0.0,0.985,-0.04999999999999999,-0.3125,0.2222222222222222,0.726,XGBoost,
weighted_tabular_modality,label_v1_strict_ab_primary,TABW_XGBoost_M11,TABW_XGBoost_M10,,-0.033517528223410586,-0.11355521441838354,0.04019310090690728,0.8125,-0.0004964694837415167,-0.0038704593683751383,0.0024842347683624055,0.598,0.0,0.0,0.0,1.0,-0.007109004739336493,-0.014184397163120567,0.0023752969121140144,0.936,0.0,-0.21062030075187968,0.21751207729468536,0.616,XGBoost,
unweighted_tabular_modality,label_v1_strict_ab_primary,TABUW_Lasso_M10,TABUW_Lasso_M5,,0.003328579916815344,-0.08924594667673795,0.08620361633413884,0.4465,0.006015178447392949,-0.00030268974386115516,0.03105980807125154,0.0395,0.03359153880530315,0.0,0.08038982010667904,0.0495,0.007109004739336492,-0.002369668246445497,0.01891364996134583,0.1305,0.19999999999999998,0.041666666666666685,0.4166666666666667,0.0175,Lasso,
unweighted_tabular_modality,label_v1_strict_ab_primary,TABUW_Lasso_M11,TABUW_Lasso_M5,,0.02272489601901373,-0.08187595085358318,0.12667325112187505,0.318,0.005238006252485272,-0.0007047027355388828,0.02865433887738224,0.054,0.017573696145124718,-0.020730814095434445,0.06667307692307689,0.2265,0.007109004739336492,-0.002369668246445496,0.018957345971563982,0.1185,0.15,-0.05555555555555554,0.4,0.128,Lasso,
unweighted_tabular_modality,label_v1_strict_ab_primary,TABUW_Lasso_M11,TABUW_Lasso_M10,,0.019396316102198385,-0.021110320822244292,0.07046346785922732,0.204,-0.0007771721949076764,-0.004247925038926613,0.0013618875496259205,0.787,-0.016017842660178427,-0.047619047619047616,0.0,0.9775,0.0,0.0,0.004750593824228027,0.8625,-0.04999999999999999,-0.15384615384615385,0.0,1.0,Lasso,
unweighted_tabular_modality,label_v1_strict_ab_primary,TABUW_Ridge_M10,TABUW_Ridge_M5,,0.010415923945335637,-0.07245410493938842,0.08359371236970423,0.3745,0.005796107665736198,-0.0004440575792521946,0.028494984697313652,0.0485,0.013327721661054993,-0.030616169544740973,0.07407407407407407,0.4075,0.007109004739336492,-0.002369668246445497,0.01891364996134583,0.1305,0.14999999999999997,-0.06666666666666668,0.3846153846153846,0.157,Ridge,
unweighted_tabular_modality,label_v1_strict_ab_primary,TABUW_Ridge_M11,TABUW_Ridge_M5,,0.026423054070112806,-0.06717135497875969,0.11759692557057874,0.2735,0.0044997728781238115,-0.0012314715207088882,0.02433964701849439,0.0745,0.01804812834224599,-0.030616169544740973,0.08956180189453472,0.3915,0.007109004739336492,-0.002369668246445498,0.018912529550827423,0.134,0.09999999999999998,-0.13636363636363635,0.375,0.2865,Ridge,
unweighted_tabular_modality,label_v1_strict_ab_primary,TABUW_Ridge_M11,TABUW_Ridge_M10,,0.01600713012477717,-0.023498391748446933,0.06652061732002014,0.245,-0.0012963347876123864,-0.005353310848549055,0.0004956965299678455,0.9075,0.004720406681190996,0.0,0.01764928350056766,0.367,0.0,0.0,0.0,0.999,-0.04999999999999999,-0.15009615384615385,0.09090909090909094,0.916,Ridge,
unweighted_tabular_modality,label_v1_strict_ab_primary,TABUW_RandomForest_M10,TABUW_RandomForest_M5,,0.06524777183600705,-0.012437540467869226,0.15659986155586259,0.063,0.002938967512559079,-0.011186550882196687,0.015779970044548574,0.288,-0.0027577353852943354,-0.0478660800337535,0.04173635260874521,0.554,0.005687203791469192,-0.0014184397163120553,0.015640739156375587,0.0805,0.08999999999999991,-0.12,0.32904174573055023,0.205,RandomForest,
unweighted_tabular_modality,label_v1_strict_ab_primary,TABUW_RandomForest_M11,TABUW_RandomForest_M5,,0.08369578134284006,0.009267631584620531,0.17134046590251617,0.0095,0.0027897773478262125,-0.011334448398780655,0.01380349910241306,0.275,-0.00998376421924516,-0.05384339030774188,0.035072241716524385,0.68,0.008056872037914692,0.0009456264775413699,0.017495126214244892,0.018,0.08000000000000007,-0.11666666666666675,0.3181818181818182,0.2075,RandomForest,
unweighted_tabular_modality,label_v1_strict_ab_primary,TABUW_RandomForest_M11,TABUW_RandomForest_M10,,0.018448009506833007,0.005214784238964839,0.03314604448649918,0.001,-0.00014919016473286667,-0.0032082205083991872,0.0019682762473948825,0.493,-0.007226028833950824,-0.03762383788564681,0.014931680314400463,0.7345,0.0023696682464454995,0.0,0.007125890736342042,0.3405,-0.009999999999999842,-0.039999999999999925,0.047058823529411764,0.7135,RandomForest,
unweighted_tabular_modality,label_v1_strict_ab_primary,TABUW_XGBoost_M10,TABUW_XGBoost_M5,,0.09532976827094486,0.020831724748868068,0.1851024765748844,0.007,-0.006965095734730583,-0.08022527083992123,0.009723623912943334,0.6865,-0.037037037037037035,-0.11538461538461539,0.0,1.0,0.007109004739336495,0.0,0.016587677725118485,0.049,0.15000000000000002,0.0,0.33333333333333337,0.086,XGBoost,
unweighted_tabular_modality,label_v1_strict_ab_primary,TABUW_XGBoost_M11,TABUW_XGBoost_M5,,0.07021984551396321,-0.021746681950101564,0.172459577193527,0.0625,-0.01020460224103356,-0.09022526522014034,0.007426860087477093,0.7295,-0.037037037037037035,-0.11538461538461539,0.0,1.0,-0.004739336492890994,-0.01886792452830189,0.0047281323877068565,0.892,0.15000000000000002,-0.0625,0.38888888888888884,0.1725,XGBoost,
unweighted_tabular_modality,label_v1_strict_ab_primary,TABUW_XGBoost_M11,TABUW_XGBoost_M10,,-0.02510992275698165,-0.08691680840841355,0.03694504259585949,0.796,-0.0032395065063029766,-0.013732866558943985,0.0033810355538391847,0.82,0.0,0.0,0.0,1.0,-0.011848341232227489,-0.026066350710900472,-0.0023640661938534296,1.0,0.0,-0.1333333333333333,0.16666666666666657,0.6505,XGBoost,
tabular_weighting_effect,label_v1_strict_ab_primary,TABW_Lasso_M5,TABUW_Lasso_M5,M5,0.0007783719548426493,-0.06688011127683806,0.08240942405090876,0.5165,0.0014669499157362546,-0.0008047065656090775,0.00978463374475352,0.158,0.017573696145124718,0.0,0.058309678514299676,0.3845,0.002369668246445497,-0.004750593824228029,0.011820330969267137,0.402,0.15,-0.07142857142857142,0.3500735294117643,0.1255,Lasso,
tabular_weighting_effect,label_v1_strict_ab_primary,TABW_Lasso_M10,TABUW_Lasso_M10,M10,0.019441473559120515,-0.054886245098284,0.08865412402732378,0.297,-0.00316020838668746,-0.02023523579047612,0.001397082705463984,0.8815,-0.043795620437956206,-0.09655172413793103,0.0,1.0,-0.002369668246445496,-0.007125890736342043,0.0,0.9935,-0.09999999999999998,-0.2917279411764706,0.10344827586206895,0.8675,Lasso,
tabular_weighting_effect,label_v1_strict_ab_primary,TABW_Lasso_M11,TABUW_Lasso_M11,M11,-0.0013868092691621259,-0.08059790779553852,0.07280475031374481,0.512,-0.0023708972328333622,-0.017675206486247215,0.002324110682682615,0.824,-0.02777777777777778,-0.07300611850579647,0.0,1.0,-0.002369668246445496,-0.011848341232227489,0.0,0.997,0.0,-0.18181818181818177,0.13043478260869565,0.6485,Lasso,
tabular_weighting_effect,label_v1_strict_ab_primary,TABW_Ridge_M5,TABUW_Ridge_M5,M5,0.009661319073083652,-0.044210645471611,0.07281598417313416,0.3935,0.0009933751077966279,-0.00058639579025178,0.00676757793728261,0.1595,0.012732749178532312,0.0,0.04274419129257837,0.3845,0.0,-0.0070921985815602835,0.007109004739336493,0.65,0.04999999999999999,-0.13340909090909092,0.20833333333333337,0.3935,Ridge,
tabular_weighting_effect,label_v1_strict_ab_primary,TABW_Ridge_M10,TABUW_Ridge_M10,M10,0.01982174688057048,-0.0526746573084512,0.0819623954810206,0.272,-0.0029112940414413565,-0.016636119594177618,0.0011660055064812713,0.89,-0.024691358024691357,-0.0821917808219178,0.0,1.0,-0.002369668246445496,-0.007125890736342043,0.0,0.9895,-0.04999999999999999,-0.21052631578947367,0.15789473684210525,0.68,Ridge,
tabular_weighting_effect,label_v1_strict_ab_primary,TABW_Ridge_M11,TABUW_Ridge_M11,M11,0.002703505644682136,-0.07783687512300987,0.07047292624467155,0.4635,-0.0017326553831741327,-0.013419813213108764,0.0020631696527606213,0.805,-0.029411764705882353,-0.0967741935483871,0.0,1.0,-0.002369668246445496,-0.007125890736342043,0.0,0.976,0.0,-0.15009615384615385,0.15789473684210525,0.4975,Ridge,
tabular_weighting_effect,label_v1_strict_ab_primary,TABW_RandomForest_M5,TABUW_RandomForest_M5,M5,-0.019841354723707627,-0.08269889079366637,0.04067605646644637,0.738,0.0010287867953814606,-0.012868050634274581,0.030819985651633488,0.403,0.002514935121434997,-0.04028403748005649,0.05798792395478308,0.5155,0.0066350710900473925,0.0,0.0146928155711407,0.051,-0.030000000000000027,-0.18666666666666665,0.14736842105263157,0.6175,RandomForest,
tabular_weighting_effect,label_v1_strict_ab_primary,TABW_RandomForest_M10,TABUW_RandomForest_M10,M10,-0.055557338086749786,-0.12065481124221818,0.006558452049167815,0.9615,-0.003188060140562207,-0.013258247476712422,0.00566725443055154,0.8005,-0.02032626321434179,-0.05492300572091543,0.0,0.9995,0.0,-0.007109004739336492,0.0070921985815602835,0.6515,-0.08999999999999991,-0.3131121281464531,0.12503289473684193,0.802,RandomForest,
tabular_weighting_effect,label_v1_strict_ab_primary,TABW_RandomForest_M11,TABUW_RandomForest_M11,M11,-0.056930481283422374,-0.10983151794524688,-0.004731189798794719,0.982,-0.0034717210287156103,-0.012036430415804806,0.004927207894962493,0.849,-0.005026378101675982,-0.022231230825551458,0.0005496174928149258,0.9665,-0.0023696682464454995,-0.009501753195339894,0.004750593824228029,0.805,-0.10000000000000003,-0.30774193548387097,0.1143452380952378,0.85,RandomForest,
tabular_weighting_effect,label_v1_strict_ab_primary,TABW_XGBoost_M5,TABUW_XGBoost_M5,M5,0.002893642305407007,-0.07422213965269554,0.08196782931460334,0.475,-0.01083779734930819,-0.0846887440819353,0.0025064764177816492,0.833,-0.00906500906500906,-0.0962201189176071,0.06060606060606061,0.5965,0.0023696682464454995,0.0,0.007142857142857142,0.3575,0.04999999999999999,0.0,0.15789473684210525,0.655,XGBoost,
tabular_weighting_effect,label_v1_strict_ab_primary,TABW_XGBoost_M10,TABUW_XGBoost_M10,M10,-0.06863933452168758,-0.1344050058182544,0.004507151875019114,0.965,-0.007088280658974012,-0.020239124721146837,-0.001407441810298373,0.999,0.0,0.0,0.0,1.0,-0.011848341232227489,-0.023752969121140145,-0.002369668246445497,1.0,-0.15000000000000002,-0.3181818181818181,0.0,1.0,XGBoost,
tabular_weighting_effect,label_v1_strict_ab_primary,TABW_XGBoost_M11,TABUW_XGBoost_M11,M11,-0.07704693998811651,-0.15004495790274075,-0.003314369533145144,0.979,-0.004345243636412552,-0.013616669259153192,-0.00036501380338781946,0.983,0.0,0.0,0.0,1.0,-0.007109004739336493,-0.01650943396226415,0.004750593824228029,0.8775,-0.15000000000000002,-0.3333333333333333,0.0,0.9995,XGBoost,
