column_name,block,source_status,source_reference,source_rule_summary,time_rule_and_boundary,binding_to_retained_values,new_feature_values_generated,variant_binding
audit_fee_log,audit_,generator_rule_recovered,A0004:L170-L184,"log1p(Tcost after numeric coercion and missing->0), retained on the selected audit record.",No provider-unit conversion shown; no anchoring to earliest filing.,not independently verified against original/intermediate Parquet,False,candidate rule present; actual executed upstream patch not independently bound
audit_fee_to_assets,audit_,generator_rule_recovered,"A0004:L217-L254,L270-L282","Initialize missing; try one of total_assets/Tot_Assets/TotalAssets/assets/ta_log; if denominator exists and >0 take Tcost/asset, inverse log1p for ta_log. Missing later zero-filled.",Frozen-input audit reports the column is all zero; formula presence does not mean fee/asset ratio was populated.,not independently verified against original/intermediate Parquet,False,candidate rule present; actual executed upstream patch not independently bound
audit_firm_change_flag,audit_,generator_rule_recovered,A0004:L192-L205,Compare Dadtunit with groupwise previous available firm-year record after selecting one record/year; set when predecessor nonmissing and strings differ.,Previous available record is not required to be exactly year-1.,not independently verified against original/intermediate Parquet,False,candidate rule present; actual executed upstream patch not independently bound
audit_is_modified,audit_,generator_rule_recovered,"A0004:L152-L184,L270-L282",For retained audit records indicator(audit_type_code != 1); base rows without audit match get zero rather than a known unmodified opinion.,No-match and missing/unknown-code cases are not interchangeable; .astype(str) precedes encoding.,not independently verified against original/intermediate Parquet,False,candidate rule present; actual executed upstream patch not independently bound
audit_type_code,audit_,generator_rule_recovered,"A0004:L71-L120,L141-L184; A0034:L71-L90","Heuristic Chinese Audittyp encoding; retain highest numeric code per firm/year. A0004 checks modifier/disclaimer terms and unqualified before qualified. Codes 8/9 are catch-all/missing, not a validated severity scale.",Accper year; no annual-report-anchor version filter; three encoder versions exist.,not independently verified against original/intermediate Parquet,False,candidate rule present; actual executed upstream patch not independently bound
ctrl_data_missing_flag,ctrl_,generator_rule_recovered,A0007:L197-L207,"After base merge, indicator(ctrl_separation is missing), before numerical zero fill.","May indicate missing separation within an existing controller row, not just absence of any HLD_Contrshr row.",not independently verified against original/intermediate Parquet,False,candidate rule present; actual executed upstream patch not independently bound
ctrl_no_controller_flag,ctrl_,generator_rule_recovered,A0007:L150-L157,"Indicator(S0701a==0 OR S0701b missing/blank), subject to available columns.","Heuristic variable definition, not independently adjudicated absence of a controller.",not independently verified against original/intermediate Parquet,False,candidate rule present; actual executed upstream patch not independently bound
ctrl_ownership,ctrl_,generator_rule_recovered,"A0007:L123-L143,L197-L204",Use selected row S0704b; fill missing with zero after base alignment.,Provider-field semantic definition not independently recreated.,not independently verified against original/intermediate Parquet,False,candidate rule present; actual executed upstream patch not independently bound
ctrl_separation,ctrl_,generator_rule_recovered,"A0007:L92-L115,L135-L139","Use first present of Seperation/Separation/separation. Only if the entire field is absent, fall back to S0704c-S0704b; not a per-row missing-value fallback.",Reptdt year; latest Reptdt then highest S0704c retained per firm/year.,not independently verified against original/intermediate Parquet,False,candidate rule present; actual executed upstream patch not independently bound
ctrl_separation_p90_flag,ctrl_,generator_rule_recovered,"A0007:L71,L145-L148",Indicator(ctrl_separation >17.45); hard-coded threshold attributed by code comment to inventory.,Not recalculated on the eligible training sample; inventory population not verified.,not independently verified against original/intermediate Parquet,False,candidate rule present; actual executed upstream patch not independently bound
ctrl_state_owned_flag,ctrl_,generator_rule_recovered,"A0007:L63-L69,L159-L171; A0032:L150-L165",A0032 matches Chinese state keywords against S0702b; patched A0007 instead matches 国资/国务院/国有资产/人民政府/财政部 against S0701b.,Different historical implementations; actual retained-value version not identified by choosing latest filename.,not independently verified against original/intermediate Parquet,False,candidate rule present; actual executed upstream patch not independently bound
ctrl_voting,ctrl_,generator_rule_recovered,"A0007:L123-L143,L197-L204",Use selected row S0704c; fill missing with zero after base alignment.,Provider-field semantic definition not independently recreated.,not independently verified against original/intermediate Parquet,False,candidate rule present; actual executed upstream patch not independently bound
feat_t0_agreement_notices,feat_,matching_candidate_construction_rule_recovered,"MAC:S0024, S0025, S0026, S0048","Title-keyword notice counts and ratios for 13 retained fields, plus four quarter-offset aggregates selected by the v0.5 assembler.",Calendar-year notice_date grouping; timing input reduce_dates generation not independently bound.,not independently verified against original/intermediate Parquet,False,source candidate(s) identified; not a from-raw cell-wise reconstruction
feat_t0_controller_notices,feat_,matching_candidate_construction_rule_recovered,"MAC:S0024, S0025, S0026, S0048","Title-keyword notice counts and ratios for 13 retained fields, plus four quarter-offset aggregates selected by the v0.5 assembler.",Calendar-year notice_date grouping; timing input reduce_dates generation not independently bound.,not independently verified against original/intermediate Parquet,False,source candidate(s) identified; not a from-raw cell-wise reconstruction
feat_t0_dj_notices,feat_,matching_candidate_construction_rule_recovered,"MAC:S0024, S0025, S0026, S0048","Title-keyword notice counts and ratios for 13 retained fields, plus four quarter-offset aggregates selected by the v0.5 assembler.",Calendar-year notice_date grouping; timing input reduce_dates generation not independently bound.,not independently verified against original/intermediate Parquet,False,source candidate(s) identified; not a from-raw cell-wise reconstruction
feat_t0_dj_ratio,feat_,matching_candidate_construction_rule_recovered,"MAC:S0024, S0025, S0026, S0048","Title-keyword notice counts and ratios for 13 retained fields, plus four quarter-offset aggregates selected by the v0.5 assembler.",Calendar-year notice_date grouping; timing input reduce_dates generation not independently bound.,not independently verified against original/intermediate Parquet,False,source candidate(s) identified; not a from-raw cell-wise reconstruction
feat_t0_increase_notices,feat_,matching_candidate_construction_rule_recovered,"MAC:S0024, S0025, S0026, S0048","Title-keyword notice counts and ratios for 13 retained fields, plus four quarter-offset aggregates selected by the v0.5 assembler.",Calendar-year notice_date grouping; timing input reduce_dates generation not independently bound.,not independently verified against original/intermediate Parquet,False,source candidate(s) identified; not a from-raw cell-wise reconstruction
feat_t0_large_holder_notices,feat_,matching_candidate_construction_rule_recovered,"MAC:S0024, S0025, S0026, S0048","Title-keyword notice counts and ratios for 13 retained fields, plus four quarter-offset aggregates selected by the v0.5 assembler.",Calendar-year notice_date grouping; timing input reduce_dates generation not independently bound.,not independently verified against original/intermediate Parquet,False,source candidate(s) identified; not a from-raw cell-wise reconstruction
feat_t0_mean_quarter_offset,feat_,matching_candidate_construction_rule_recovered,"MAC:S0024, S0025, S0026, S0048","Title-keyword notice counts and ratios for 13 retained fields, plus four quarter-offset aggregates selected by the v0.5 assembler.",Calendar-year notice_date grouping; timing input reduce_dates generation not independently bound.,not independently verified against original/intermediate Parquet,False,source candidate(s) identified; not a from-raw cell-wise reconstruction
feat_t0_monthly_hhi,feat_,matching_candidate_construction_rule_recovered,"MAC:S0024, S0025, S0026, S0048","Title-keyword notice counts and ratios for 13 retained fields, plus four quarter-offset aggregates selected by the v0.5 assembler.",Calendar-year notice_date grouping; timing input reduce_dates generation not independently bound.,not independently verified against original/intermediate Parquet,False,source candidate(s) identified; not a from-raw cell-wise reconstruction
feat_t0_n_reduces,feat_,matching_candidate_construction_rule_recovered,"MAC:S0024, S0025, S0026, S0048","Title-keyword notice counts and ratios for 13 retained fields, plus four quarter-offset aggregates selected by the v0.5 assembler.",Calendar-year notice_date grouping; timing input reduce_dates generation not independently bound.,not independently verified against original/intermediate Parquet,False,source candidate(s) identified; not a from-raw cell-wise reconstruction
feat_t0_pct5_notices,feat_,matching_candidate_construction_rule_recovered,"MAC:S0024, S0025, S0026, S0048","Title-keyword notice counts and ratios for 13 retained fields, plus four quarter-offset aggregates selected by the v0.5 assembler.",Calendar-year notice_date grouping; timing input reduce_dates generation not independently bound.,not independently verified against original/intermediate Parquet,False,source candidate(s) identified; not a from-raw cell-wise reconstruction
feat_t0_q4_offset_share,feat_,matching_candidate_construction_rule_recovered,"MAC:S0024, S0025, S0026, S0048","In S0026, fraction of valid offsets within +/-30 days of the nearest quarter end (not Q4-only).",Calendar-year notice_date grouping; timing input reduce_dates generation not independently bound.,not independently verified against original/intermediate Parquet,False,source candidate(s) identified; not a from-raw cell-wise reconstruction
feat_t0_q4_share,feat_,matching_candidate_construction_rule_recovered,"MAC:S0024, S0025, S0026, S0048","Title-keyword notice counts and ratios for 13 retained fields, plus four quarter-offset aggregates selected by the v0.5 assembler.",Calendar-year notice_date grouping; timing input reduce_dates generation not independently bound.,not independently verified against original/intermediate Parquet,False,source candidate(s) identified; not a from-raw cell-wise reconstruction
feat_t0_reduce_notices,feat_,matching_candidate_construction_rule_recovered,"MAC:S0024, S0025, S0026, S0048","Title-keyword notice counts and ratios for 13 retained fields, plus four quarter-offset aggregates selected by the v0.5 assembler.",Calendar-year notice_date grouping; timing input reduce_dates generation not independently bound.,not independently verified against original/intermediate Parquet,False,source candidate(s) identified; not a from-raw cell-wise reconstruction
feat_t0_reduce_plan_notices,feat_,matching_candidate_construction_rule_recovered,"MAC:S0024, S0025, S0026, S0048","Title-keyword notice counts and ratios for 13 retained fields, plus four quarter-offset aggregates selected by the v0.5 assembler.",Calendar-year notice_date grouping; timing input reduce_dates generation not independently bound.,not independently verified against original/intermediate Parquet,False,source candidate(s) identified; not a from-raw cell-wise reconstruction
feat_t0_reduce_progress_notices,feat_,matching_candidate_construction_rule_recovered,"MAC:S0024, S0025, S0026, S0048","Title-keyword notice counts and ratios for 13 retained fields, plus four quarter-offset aggregates selected by the v0.5 assembler.",Calendar-year notice_date grouping; timing input reduce_dates generation not independently bound.,not independently verified against original/intermediate Parquet,False,source candidate(s) identified; not a from-raw cell-wise reconstruction
feat_t0_std_quarter_offset,feat_,matching_candidate_construction_rule_recovered,"MAC:S0024, S0025, S0026, S0048",S0026 computes group std; S0048 conditionally fills missing values with zero when missingness >99%; not a validated reconstruction of upstream dates.,Calendar-year notice_date grouping; timing input reduce_dates generation not independently bound.,not independently verified against original/intermediate Parquet,False,source candidate(s) identified; not a from-raw cell-wise reconstruction
feat_t0_total_notices,feat_,matching_candidate_construction_rule_recovered,"MAC:S0024, S0025, S0026, S0048","Title-keyword notice counts and ratios for 13 retained fields, plus four quarter-offset aggregates selected by the v0.5 assembler.",Calendar-year notice_date grouping; timing input reduce_dates generation not independently bound.,not independently verified against original/intermediate Parquet,False,source candidate(s) identified; not a from-raw cell-wise reconstruction
fin_dsri_t0,fin_,matching_candidate_formula_recovered,MAC:S0009 embedded compute_derived_financials_v0.py,"DSRI, implemented eight-component M-score, CFO/NI, other receivables/assets, implemented Z-prime; t0 and lagged t1 plus nine industry-standardized variants.","t0 fiscal year t; t1 fiscal year t-1; some formulas also use t-2. update_flag-based dedup, not anchor-date selection.",not independently verified against original/intermediate Parquet,False,source candidate(s) identified; not a from-raw cell-wise reconstruction
fin_dsri_t0_zind,fin_,matching_candidate_formula_recovered,MAC:S0009 embedded compute_derived_financials_v0.py,"DSRI, implemented eight-component M-score, CFO/NI, other receivables/assets, implemented Z-prime; t0 and lagged t1 plus nine industry-standardized variants.","t0 fiscal year t; t1 fiscal year t-1; some formulas also use t-2. update_flag-based dedup, not anchor-date selection. Candidate standardization uses same-year industry groups, not the training-only model-input scaler.",not independently verified against original/intermediate Parquet,False,source candidate(s) identified; not a from-raw cell-wise reconstruction
fin_dsri_t1,fin_,matching_candidate_formula_recovered,MAC:S0009 embedded compute_derived_financials_v0.py,"DSRI, implemented eight-component M-score, CFO/NI, other receivables/assets, implemented Z-prime; t0 and lagged t1 plus nine industry-standardized variants.","t0 fiscal year t; t1 fiscal year t-1; some formulas also use t-2. update_flag-based dedup, not anchor-date selection.",not independently verified against original/intermediate Parquet,False,source candidate(s) identified; not a from-raw cell-wise reconstruction
fin_dsri_t1_zind,fin_,matching_candidate_formula_recovered,MAC:S0009 embedded compute_derived_financials_v0.py,"DSRI, implemented eight-component M-score, CFO/NI, other receivables/assets, implemented Z-prime; t0 and lagged t1 plus nine industry-standardized variants.","t0 fiscal year t; t1 fiscal year t-1; some formulas also use t-2. update_flag-based dedup, not anchor-date selection. Candidate standardization uses same-year industry groups, not the training-only model-input scaler.",not independently verified against original/intermediate Parquet,False,source candidate(s) identified; not a from-raw cell-wise reconstruction
fin_mscore_t0,fin_,matching_candidate_formula_recovered,MAC:S0009 embedded compute_derived_financials_v0.py,"DSRI, implemented eight-component M-score, CFO/NI, other receivables/assets, implemented Z-prime; t0 and lagged t1 plus nine industry-standardized variants.","t0 fiscal year t; t1 fiscal year t-1; some formulas also use t-2. update_flag-based dedup, not anchor-date selection.",not independently verified against original/intermediate Parquet,False,source candidate(s) identified; not a from-raw cell-wise reconstruction
fin_mscore_t0_zind,fin_,matching_candidate_formula_recovered,MAC:S0009 embedded compute_derived_financials_v0.py,"DSRI, implemented eight-component M-score, CFO/NI, other receivables/assets, implemented Z-prime; t0 and lagged t1 plus nine industry-standardized variants.","t0 fiscal year t; t1 fiscal year t-1; some formulas also use t-2. update_flag-based dedup, not anchor-date selection. Candidate standardization uses same-year industry groups, not the training-only model-input scaler.",not independently verified against original/intermediate Parquet,False,source candidate(s) identified; not a from-raw cell-wise reconstruction
fin_mscore_t1,fin_,matching_candidate_formula_recovered,MAC:S0009 embedded compute_derived_financials_v0.py,"DSRI, implemented eight-component M-score, CFO/NI, other receivables/assets, implemented Z-prime; t0 and lagged t1 plus nine industry-standardized variants.","t0 fiscal year t; t1 fiscal year t-1; some formulas also use t-2. update_flag-based dedup, not anchor-date selection.",not independently verified against original/intermediate Parquet,False,source candidate(s) identified; not a from-raw cell-wise reconstruction
fin_mscore_t1_zind,fin_,matching_candidate_formula_recovered,MAC:S0009 embedded compute_derived_financials_v0.py,"DSRI, implemented eight-component M-score, CFO/NI, other receivables/assets, implemented Z-prime; t0 and lagged t1 plus nine industry-standardized variants.","t0 fiscal year t; t1 fiscal year t-1; some formulas also use t-2. update_flag-based dedup, not anchor-date selection. Candidate standardization uses same-year industry groups, not the training-only model-input scaler.",not independently verified against original/intermediate Parquet,False,source candidate(s) identified; not a from-raw cell-wise reconstruction
fin_ocf_to_ni_t0,fin_,matching_candidate_formula_recovered,MAC:S0009 embedded compute_derived_financials_v0.py,"DSRI, implemented eight-component M-score, CFO/NI, other receivables/assets, implemented Z-prime; t0 and lagged t1 plus nine industry-standardized variants.","t0 fiscal year t; t1 fiscal year t-1; some formulas also use t-2. update_flag-based dedup, not anchor-date selection.",not independently verified against original/intermediate Parquet,False,source candidate(s) identified; not a from-raw cell-wise reconstruction
fin_ocf_to_ni_t0_zind,fin_,matching_candidate_formula_recovered,MAC:S0009 embedded compute_derived_financials_v0.py,"DSRI, implemented eight-component M-score, CFO/NI, other receivables/assets, implemented Z-prime; t0 and lagged t1 plus nine industry-standardized variants.","t0 fiscal year t; t1 fiscal year t-1; some formulas also use t-2. update_flag-based dedup, not anchor-date selection. Candidate standardization uses same-year industry groups, not the training-only model-input scaler.",not independently verified against original/intermediate Parquet,False,source candidate(s) identified; not a from-raw cell-wise reconstruction
fin_ocf_to_ni_t1,fin_,matching_candidate_formula_recovered,MAC:S0009 embedded compute_derived_financials_v0.py,"DSRI, implemented eight-component M-score, CFO/NI, other receivables/assets, implemented Z-prime; t0 and lagged t1 plus nine industry-standardized variants.","t0 fiscal year t; t1 fiscal year t-1; some formulas also use t-2. update_flag-based dedup, not anchor-date selection.",not independently verified against original/intermediate Parquet,False,source candidate(s) identified; not a from-raw cell-wise reconstruction
fin_ocf_to_ni_t1_zind,fin_,matching_candidate_formula_recovered,MAC:S0009 embedded compute_derived_financials_v0.py,"DSRI, implemented eight-component M-score, CFO/NI, other receivables/assets, implemented Z-prime; t0 and lagged t1 plus nine industry-standardized variants.","t0 fiscal year t; t1 fiscal year t-1; some formulas also use t-2. update_flag-based dedup, not anchor-date selection. Candidate standardization uses same-year industry groups, not the training-only model-input scaler.",not independently verified against original/intermediate Parquet,False,source candidate(s) identified; not a from-raw cell-wise reconstruction
fin_oth_recv_to_ta_t0,fin_,matching_candidate_formula_recovered,MAC:S0009 embedded compute_derived_financials_v0.py,"DSRI, implemented eight-component M-score, CFO/NI, other receivables/assets, implemented Z-prime; t0 and lagged t1 plus nine industry-standardized variants.","t0 fiscal year t; t1 fiscal year t-1; some formulas also use t-2. update_flag-based dedup, not anchor-date selection.",not independently verified against original/intermediate Parquet,False,source candidate(s) identified; not a from-raw cell-wise reconstruction
fin_oth_recv_to_ta_t0_zind,fin_,matching_candidate_formula_recovered,MAC:S0009 embedded compute_derived_financials_v0.py,"DSRI, implemented eight-component M-score, CFO/NI, other receivables/assets, implemented Z-prime; t0 and lagged t1 plus nine industry-standardized variants.","t0 fiscal year t; t1 fiscal year t-1; some formulas also use t-2. update_flag-based dedup, not anchor-date selection. Candidate standardization uses same-year industry groups, not the training-only model-input scaler.",not independently verified against original/intermediate Parquet,False,source candidate(s) identified; not a from-raw cell-wise reconstruction
fin_oth_recv_to_ta_t1,fin_,matching_candidate_formula_recovered,MAC:S0009 embedded compute_derived_financials_v0.py,"DSRI, implemented eight-component M-score, CFO/NI, other receivables/assets, implemented Z-prime; t0 and lagged t1 plus nine industry-standardized variants.","t0 fiscal year t; t1 fiscal year t-1; some formulas also use t-2. update_flag-based dedup, not anchor-date selection.",not independently verified against original/intermediate Parquet,False,source candidate(s) identified; not a from-raw cell-wise reconstruction
fin_oth_recv_to_ta_t1_zind,fin_,matching_candidate_formula_recovered,MAC:S0009 embedded compute_derived_financials_v0.py,"DSRI, implemented eight-component M-score, CFO/NI, other receivables/assets, implemented Z-prime; t0 and lagged t1 plus nine industry-standardized variants.","t0 fiscal year t; t1 fiscal year t-1; some formulas also use t-2. update_flag-based dedup, not anchor-date selection. Candidate standardization uses same-year industry groups, not the training-only model-input scaler.",not independently verified against original/intermediate Parquet,False,source candidate(s) identified; not a from-raw cell-wise reconstruction
fin_zscore_t0,fin_,matching_candidate_formula_recovered,MAC:S0009 embedded compute_derived_financials_v0.py,"DSRI, implemented eight-component M-score, CFO/NI, other receivables/assets, implemented Z-prime; t0 and lagged t1 plus nine industry-standardized variants.","t0 fiscal year t; t1 fiscal year t-1; some formulas also use t-2. update_flag-based dedup, not anchor-date selection.",not independently verified against original/intermediate Parquet,False,source candidate(s) identified; not a from-raw cell-wise reconstruction
fin_zscore_t0_zind,fin_,matching_candidate_formula_recovered,MAC:S0009 embedded compute_derived_financials_v0.py,"DSRI, implemented eight-component M-score, CFO/NI, other receivables/assets, implemented Z-prime; t0 and lagged t1 plus nine industry-standardized variants.","t0 fiscal year t; t1 fiscal year t-1; some formulas also use t-2. update_flag-based dedup, not anchor-date selection. Candidate standardization uses same-year industry groups, not the training-only model-input scaler.",not independently verified against original/intermediate Parquet,False,source candidate(s) identified; not a from-raw cell-wise reconstruction
fini_adminexp_of_gr_t0,fini_,matching_candidate_vendor_field_map_recovered,"MAC:S0040, S0063, S0048; earlier variants S0029/S0032","51 vendor t0 + 12 t1 + 15 year-industry z variants, minus nine explicit raw per-share columns, yields 69 retained fields. Provider internal formulas are not reconstructed here.",fina_indicator end_date fiscal year; latest ann_date per ts_code/end_date; no per-filing anchor cutoff in candidate.,not independently verified against original/intermediate Parquet,False,source candidate(s) identified; not a from-raw cell-wise reconstruction
fini_assets_to_eqt_t0,fini_,matching_candidate_vendor_field_map_recovered,"MAC:S0040, S0063, S0048; earlier variants S0029/S0032","51 vendor t0 + 12 t1 + 15 year-industry z variants, minus nine explicit raw per-share columns, yields 69 retained fields. Provider internal formulas are not reconstructed here.",fina_indicator end_date fiscal year; latest ann_date per ts_code/end_date; no per-filing anchor cutoff in candidate.,not independently verified against original/intermediate Parquet,False,source candidate(s) identified; not a from-raw cell-wise reconstruction
fini_assets_to_eqt_t0_zind,fini_,matching_candidate_vendor_field_map_recovered,"MAC:S0040, S0063, S0048; earlier variants S0029/S0032","51 vendor t0 + 12 t1 + 15 year-industry z variants, minus nine explicit raw per-share columns, yields 69 retained fields. Provider internal formulas are not reconstructed here.","fina_indicator end_date fiscal year; latest ann_date per ts_code/end_date; no per-filing anchor cutoff in candidate. Candidate standardization uses same-year industry groups, not the training-only model-input scaler.",not independently verified against original/intermediate Parquet,False,source candidate(s) identified; not a from-raw cell-wise reconstruction
fini_assets_to_eqt_t1,fini_,matching_candidate_vendor_field_map_recovered,"MAC:S0040, S0063, S0048; earlier variants S0029/S0032","51 vendor t0 + 12 t1 + 15 year-industry z variants, minus nine explicit raw per-share columns, yields 69 retained fields. Provider internal formulas are not reconstructed here.",fina_indicator end_date fiscal year; latest ann_date per ts_code/end_date; no per-filing anchor cutoff in candidate.,not independently verified against original/intermediate Parquet,False,source candidate(s) identified; not a from-raw cell-wise reconstruction
fini_assets_turn_t0,fini_,matching_candidate_vendor_field_map_recovered,"MAC:S0040, S0063, S0048; earlier variants S0029/S0032","51 vendor t0 + 12 t1 + 15 year-industry z variants, minus nine explicit raw per-share columns, yields 69 retained fields. Provider internal formulas are not reconstructed here.",fina_indicator end_date fiscal year; latest ann_date per ts_code/end_date; no per-filing anchor cutoff in candidate.,not independently verified against original/intermediate Parquet,False,source candidate(s) identified; not a from-raw cell-wise reconstruction
fini_assets_turn_t0_zind,fini_,matching_candidate_vendor_field_map_recovered,"MAC:S0040, S0063, S0048; earlier variants S0029/S0032","51 vendor t0 + 12 t1 + 15 year-industry z variants, minus nine explicit raw per-share columns, yields 69 retained fields. Provider internal formulas are not reconstructed here.","fina_indicator end_date fiscal year; latest ann_date per ts_code/end_date; no per-filing anchor cutoff in candidate. Candidate standardization uses same-year industry groups, not the training-only model-input scaler.",not independently verified against original/intermediate Parquet,False,source candidate(s) identified; not a from-raw cell-wise reconstruction
fini_assets_turn_t1,fini_,matching_candidate_vendor_field_map_recovered,"MAC:S0040, S0063, S0048; earlier variants S0029/S0032","51 vendor t0 + 12 t1 + 15 year-industry z variants, minus nine explicit raw per-share columns, yields 69 retained fields. Provider internal formulas are not reconstructed here.",fina_indicator end_date fiscal year; latest ann_date per ts_code/end_date; no per-filing anchor cutoff in candidate.,not independently verified against original/intermediate Parquet,False,source candidate(s) identified; not a from-raw cell-wise reconstruction
fini_assets_yoy_t0,fini_,matching_candidate_vendor_field_map_recovered,"MAC:S0040, S0063, S0048; earlier variants S0029/S0032","51 vendor t0 + 12 t1 + 15 year-industry z variants, minus nine explicit raw per-share columns, yields 69 retained fields. Provider internal formulas are not reconstructed here.",fina_indicator end_date fiscal year; latest ann_date per ts_code/end_date; no per-filing anchor cutoff in candidate.,not independently verified against original/intermediate Parquet,False,source candidate(s) identified; not a from-raw cell-wise reconstruction
fini_bps_yoy_t0,fini_,matching_candidate_vendor_field_map_recovered,"MAC:S0040, S0063, S0048; earlier variants S0029/S0032","51 vendor t0 + 12 t1 + 15 year-industry z variants, minus nine explicit raw per-share columns, yields 69 retained fields. Provider internal formulas are not reconstructed here.",fina_indicator end_date fiscal year; latest ann_date per ts_code/end_date; no per-filing anchor cutoff in candidate.,not independently verified against original/intermediate Parquet,False,source candidate(s) identified; not a from-raw cell-wise reconstruction
fini_ca_to_assets_t0,fini_,matching_candidate_vendor_field_map_recovered,"MAC:S0040, S0063, S0048; earlier variants S0029/S0032","51 vendor t0 + 12 t1 + 15 year-industry z variants, minus nine explicit raw per-share columns, yields 69 retained fields. Provider internal formulas are not reconstructed here.",fina_indicator end_date fiscal year; latest ann_date per ts_code/end_date; no per-filing anchor cutoff in candidate.,not independently verified against original/intermediate Parquet,False,source candidate(s) identified; not a from-raw cell-wise reconstruction
fini_ca_turn_t0,fini_,matching_candidate_vendor_field_map_recovered,"MAC:S0040, S0063, S0048; earlier variants S0029/S0032","51 vendor t0 + 12 t1 + 15 year-industry z variants, minus nine explicit raw per-share columns, yields 69 retained fields. Provider internal formulas are not reconstructed here.",fina_indicator end_date fiscal year; latest ann_date per ts_code/end_date; no per-filing anchor cutoff in candidate.,not independently verified against original/intermediate Parquet,False,source candidate(s) identified; not a from-raw cell-wise reconstruction
fini_cash_ratio_t0,fini_,matching_candidate_vendor_field_map_recovered,"MAC:S0040, S0063, S0048; earlier variants S0029/S0032","51 vendor t0 + 12 t1 + 15 year-industry z variants, minus nine explicit raw per-share columns, yields 69 retained fields. Provider internal formulas are not reconstructed here.",fina_indicator end_date fiscal year; latest ann_date per ts_code/end_date; no per-filing anchor cutoff in candidate.,not independently verified against original/intermediate Parquet,False,source candidate(s) identified; not a from-raw cell-wise reconstruction
fini_current_ratio_t0,fini_,matching_candidate_vendor_field_map_recovered,"MAC:S0040, S0063, S0048; earlier variants S0029/S0032","51 vendor t0 + 12 t1 + 15 year-industry z variants, minus nine explicit raw per-share columns, yields 69 retained fields. Provider internal formulas are not reconstructed here.",fina_indicator end_date fiscal year; latest ann_date per ts_code/end_date; no per-filing anchor cutoff in candidate.,not independently verified against original/intermediate Parquet,False,source candidate(s) identified; not a from-raw cell-wise reconstruction
fini_current_ratio_t0_zind,fini_,matching_candidate_vendor_field_map_recovered,"MAC:S0040, S0063, S0048; earlier variants S0029/S0032","51 vendor t0 + 12 t1 + 15 year-industry z variants, minus nine explicit raw per-share columns, yields 69 retained fields. Provider internal formulas are not reconstructed here.","fina_indicator end_date fiscal year; latest ann_date per ts_code/end_date; no per-filing anchor cutoff in candidate. Candidate standardization uses same-year industry groups, not the training-only model-input scaler.",not independently verified against original/intermediate Parquet,False,source candidate(s) identified; not a from-raw cell-wise reconstruction
fini_current_ratio_t1,fini_,matching_candidate_vendor_field_map_recovered,"MAC:S0040, S0063, S0048; earlier variants S0029/S0032","51 vendor t0 + 12 t1 + 15 year-industry z variants, minus nine explicit raw per-share columns, yields 69 retained fields. Provider internal formulas are not reconstructed here.",fina_indicator end_date fiscal year; latest ann_date per ts_code/end_date; no per-filing anchor cutoff in candidate.,not independently verified against original/intermediate Parquet,False,source candidate(s) identified; not a from-raw cell-wise reconstruction
fini_currentdebt_to_debt_t0,fini_,matching_candidate_vendor_field_map_recovered,"MAC:S0040, S0063, S0048; earlier variants S0029/S0032","51 vendor t0 + 12 t1 + 15 year-industry z variants, minus nine explicit raw per-share columns, yields 69 retained fields. Provider internal formulas are not reconstructed here.",fina_indicator end_date fiscal year; latest ann_date per ts_code/end_date; no per-filing anchor cutoff in candidate.,not independently verified against original/intermediate Parquet,False,source candidate(s) identified; not a from-raw cell-wise reconstruction
fini_debt_to_eqt_t0,fini_,matching_candidate_vendor_field_map_recovered,"MAC:S0040, S0063, S0048; earlier variants S0029/S0032","51 vendor t0 + 12 t1 + 15 year-industry z variants, minus nine explicit raw per-share columns, yields 69 retained fields. Provider internal formulas are not reconstructed here.",fina_indicator end_date fiscal year; latest ann_date per ts_code/end_date; no per-filing anchor cutoff in candidate.,not independently verified against original/intermediate Parquet,False,source candidate(s) identified; not a from-raw cell-wise reconstruction
fini_debt_to_eqt_t0_zind,fini_,matching_candidate_vendor_field_map_recovered,"MAC:S0040, S0063, S0048; earlier variants S0029/S0032","51 vendor t0 + 12 t1 + 15 year-industry z variants, minus nine explicit raw per-share columns, yields 69 retained fields. Provider internal formulas are not reconstructed here.","fina_indicator end_date fiscal year; latest ann_date per ts_code/end_date; no per-filing anchor cutoff in candidate. Candidate standardization uses same-year industry groups, not the training-only model-input scaler.",not independently verified against original/intermediate Parquet,False,source candidate(s) identified; not a from-raw cell-wise reconstruction
fini_debt_to_eqt_t1,fini_,matching_candidate_vendor_field_map_recovered,"MAC:S0040, S0063, S0048; earlier variants S0029/S0032","51 vendor t0 + 12 t1 + 15 year-industry z variants, minus nine explicit raw per-share columns, yields 69 retained fields. Provider internal formulas are not reconstructed here.",fina_indicator end_date fiscal year; latest ann_date per ts_code/end_date; no per-filing anchor cutoff in candidate.,not independently verified against original/intermediate Parquet,False,source candidate(s) identified; not a from-raw cell-wise reconstruction
fini_dt_eps_yoy_t0,fini_,matching_candidate_vendor_field_map_recovered,"MAC:S0040, S0063, S0048; earlier variants S0029/S0032","51 vendor t0 + 12 t1 + 15 year-industry z variants, minus nine explicit raw per-share columns, yields 69 retained fields. Provider internal formulas are not reconstructed here.",fina_indicator end_date fiscal year; latest ann_date per ts_code/end_date; no per-filing anchor cutoff in candidate.,not independently verified against original/intermediate Parquet,False,source candidate(s) identified; not a from-raw cell-wise reconstruction
fini_ebit_of_gr_t0,fini_,matching_candidate_vendor_field_map_recovered,"MAC:S0040, S0063, S0048; earlier variants S0029/S0032","51 vendor t0 + 12 t1 + 15 year-industry z variants, minus nine explicit raw per-share columns, yields 69 retained fields. Provider internal formulas are not reconstructed here.",fina_indicator end_date fiscal year; latest ann_date per ts_code/end_date; no per-filing anchor cutoff in candidate.,not independently verified against original/intermediate Parquet,False,source candidate(s) identified; not a from-raw cell-wise reconstruction
fini_ebit_of_gr_t0_zind,fini_,matching_candidate_vendor_field_map_recovered,"MAC:S0040, S0063, S0048; earlier variants S0029/S0032","51 vendor t0 + 12 t1 + 15 year-industry z variants, minus nine explicit raw per-share columns, yields 69 retained fields. Provider internal formulas are not reconstructed here.","fina_indicator end_date fiscal year; latest ann_date per ts_code/end_date; no per-filing anchor cutoff in candidate. Candidate standardization uses same-year industry groups, not the training-only model-input scaler.",not independently verified against original/intermediate Parquet,False,source candidate(s) identified; not a from-raw cell-wise reconstruction
fini_ebt_yoy_t0,fini_,matching_candidate_vendor_field_map_recovered,"MAC:S0040, S0063, S0048; earlier variants S0029/S0032","51 vendor t0 + 12 t1 + 15 year-industry z variants, minus nine explicit raw per-share columns, yields 69 retained fields. Provider internal formulas are not reconstructed here.",fina_indicator end_date fiscal year; latest ann_date per ts_code/end_date; no per-filing anchor cutoff in candidate.,not independently verified against original/intermediate Parquet,False,source candidate(s) identified; not a from-raw cell-wise reconstruction
fini_eqt_to_debt_t0,fini_,matching_candidate_vendor_field_map_recovered,"MAC:S0040, S0063, S0048; earlier variants S0029/S0032","51 vendor t0 + 12 t1 + 15 year-industry z variants, minus nine explicit raw per-share columns, yields 69 retained fields. Provider internal formulas are not reconstructed here.",fina_indicator end_date fiscal year; latest ann_date per ts_code/end_date; no per-filing anchor cutoff in candidate.,not independently verified against original/intermediate Parquet,False,source candidate(s) identified; not a from-raw cell-wise reconstruction
fini_eqt_to_interestdebt_t0,fini_,matching_candidate_vendor_field_map_recovered,"MAC:S0040, S0063, S0048; earlier variants S0029/S0032","51 vendor t0 + 12 t1 + 15 year-industry z variants, minus nine explicit raw per-share columns, yields 69 retained fields. Provider internal formulas are not reconstructed here.",fina_indicator end_date fiscal year; latest ann_date per ts_code/end_date; no per-filing anchor cutoff in candidate.,not independently verified against original/intermediate Parquet,False,source candidate(s) identified; not a from-raw cell-wise reconstruction
fini_eqt_to_talcapital_t0,fini_,matching_candidate_vendor_field_map_recovered,"MAC:S0040, S0063, S0048; earlier variants S0029/S0032","51 vendor t0 + 12 t1 + 15 year-industry z variants, minus nine explicit raw per-share columns, yields 69 retained fields. Provider internal formulas are not reconstructed here.",fina_indicator end_date fiscal year; latest ann_date per ts_code/end_date; no per-filing anchor cutoff in candidate.,not independently verified against original/intermediate Parquet,False,source candidate(s) identified; not a from-raw cell-wise reconstruction
fini_equity_yoy_t0,fini_,matching_candidate_vendor_field_map_recovered,"MAC:S0040, S0063, S0048; earlier variants S0029/S0032","51 vendor t0 + 12 t1 + 15 year-industry z variants, minus nine explicit raw per-share columns, yields 69 retained fields. Provider internal formulas are not reconstructed here.",fina_indicator end_date fiscal year; latest ann_date per ts_code/end_date; no per-filing anchor cutoff in candidate.,not independently verified against original/intermediate Parquet,False,source candidate(s) identified; not a from-raw cell-wise reconstruction
fini_expense_of_sales_t0,fini_,matching_candidate_vendor_field_map_recovered,"MAC:S0040, S0063, S0048; earlier variants S0029/S0032","51 vendor t0 + 12 t1 + 15 year-industry z variants, minus nine explicit raw per-share columns, yields 69 retained fields. Provider internal formulas are not reconstructed here.",fina_indicator end_date fiscal year; latest ann_date per ts_code/end_date; no per-filing anchor cutoff in candidate.,not independently verified against original/intermediate Parquet,False,source candidate(s) identified; not a from-raw cell-wise reconstruction
fini_fa_turn_t0,fini_,matching_candidate_vendor_field_map_recovered,"MAC:S0040, S0063, S0048; earlier variants S0029/S0032","51 vendor t0 + 12 t1 + 15 year-industry z variants, minus nine explicit raw per-share columns, yields 69 retained fields. Provider internal formulas are not reconstructed here.",fina_indicator end_date fiscal year; latest ann_date per ts_code/end_date; no per-filing anchor cutoff in candidate.,not independently verified against original/intermediate Parquet,False,source candidate(s) identified; not a from-raw cell-wise reconstruction
fini_fa_turn_t0_zind,fini_,matching_candidate_vendor_field_map_recovered,"MAC:S0040, S0063, S0048; earlier variants S0029/S0032","51 vendor t0 + 12 t1 + 15 year-industry z variants, minus nine explicit raw per-share columns, yields 69 retained fields. Provider internal formulas are not reconstructed here.","fina_indicator end_date fiscal year; latest ann_date per ts_code/end_date; no per-filing anchor cutoff in candidate. Candidate standardization uses same-year industry groups, not the training-only model-input scaler.",not independently verified against original/intermediate Parquet,False,source candidate(s) identified; not a from-raw cell-wise reconstruction
fini_finaexp_of_gr_t0,fini_,matching_candidate_vendor_field_map_recovered,"MAC:S0040, S0063, S0048; earlier variants S0029/S0032","51 vendor t0 + 12 t1 + 15 year-industry z variants, minus nine explicit raw per-share columns, yields 69 retained fields. Provider internal formulas are not reconstructed here.",fina_indicator end_date fiscal year; latest ann_date per ts_code/end_date; no per-filing anchor cutoff in candidate.,not independently verified against original/intermediate Parquet,False,source candidate(s) identified; not a from-raw cell-wise reconstruction
fini_gc_of_gr_t0,fini_,matching_candidate_vendor_field_map_recovered,"MAC:S0040, S0063, S0048; earlier variants S0029/S0032","51 vendor t0 + 12 t1 + 15 year-industry z variants, minus nine explicit raw per-share columns, yields 69 retained fields. Provider internal formulas are not reconstructed here.",fina_indicator end_date fiscal year; latest ann_date per ts_code/end_date; no per-filing anchor cutoff in candidate.,not independently verified against original/intermediate Parquet,False,source candidate(s) identified; not a from-raw cell-wise reconstruction
fini_netprofit_yoy_t0,fini_,matching_candidate_vendor_field_map_recovered,"MAC:S0040, S0063, S0048; earlier variants S0029/S0032","51 vendor t0 + 12 t1 + 15 year-industry z variants, minus nine explicit raw per-share columns, yields 69 retained fields. Provider internal formulas are not reconstructed here.",fina_indicator end_date fiscal year; latest ann_date per ts_code/end_date; no per-filing anchor cutoff in candidate.,not independently verified against original/intermediate Parquet,False,source candidate(s) identified; not a from-raw cell-wise reconstruction
fini_npta_t0,fini_,matching_candidate_vendor_field_map_recovered,"MAC:S0040, S0063, S0048; earlier variants S0029/S0032","51 vendor t0 + 12 t1 + 15 year-industry z variants, minus nine explicit raw per-share columns, yields 69 retained fields. Provider internal formulas are not reconstructed here.",fina_indicator end_date fiscal year; latest ann_date per ts_code/end_date; no per-filing anchor cutoff in candidate.,not independently verified against original/intermediate Parquet,False,source candidate(s) identified; not a from-raw cell-wise reconstruction
fini_npta_t0_zind,fini_,matching_candidate_vendor_field_map_recovered,"MAC:S0040, S0063, S0048; earlier variants S0029/S0032","51 vendor t0 + 12 t1 + 15 year-industry z variants, minus nine explicit raw per-share columns, yields 69 retained fields. Provider internal formulas are not reconstructed here.","fina_indicator end_date fiscal year; latest ann_date per ts_code/end_date; no per-filing anchor cutoff in candidate. Candidate standardization uses same-year industry groups, not the training-only model-input scaler.",not independently verified against original/intermediate Parquet,False,source candidate(s) identified; not a from-raw cell-wise reconstruction
fini_npta_t1,fini_,matching_candidate_vendor_field_map_recovered,"MAC:S0040, S0063, S0048; earlier variants S0029/S0032","51 vendor t0 + 12 t1 + 15 year-industry z variants, minus nine explicit raw per-share columns, yields 69 retained fields. Provider internal formulas are not reconstructed here.",fina_indicator end_date fiscal year; latest ann_date per ts_code/end_date; no per-filing anchor cutoff in candidate.,not independently verified against original/intermediate Parquet,False,source candidate(s) identified; not a from-raw cell-wise reconstruction
fini_ocf_to_debt_t0,fini_,matching_candidate_vendor_field_map_recovered,"MAC:S0040, S0063, S0048; earlier variants S0029/S0032","51 vendor t0 + 12 t1 + 15 year-industry z variants, minus nine explicit raw per-share columns, yields 69 retained fields. Provider internal formulas are not reconstructed here.",fina_indicator end_date fiscal year; latest ann_date per ts_code/end_date; no per-filing anchor cutoff in candidate.,not independently verified against original/intermediate Parquet,False,source candidate(s) identified; not a from-raw cell-wise reconstruction
fini_ocf_to_debt_t0_zind,fini_,matching_candidate_vendor_field_map_recovered,"MAC:S0040, S0063, S0048; earlier variants S0029/S0032","51 vendor t0 + 12 t1 + 15 year-industry z variants, minus nine explicit raw per-share columns, yields 69 retained fields. Provider internal formulas are not reconstructed here.","fina_indicator end_date fiscal year; latest ann_date per ts_code/end_date; no per-filing anchor cutoff in candidate. Candidate standardization uses same-year industry groups, not the training-only model-input scaler.",not independently verified against original/intermediate Parquet,False,source candidate(s) identified; not a from-raw cell-wise reconstruction
fini_ocf_to_debt_t1,fini_,matching_candidate_vendor_field_map_recovered,"MAC:S0040, S0063, S0048; earlier variants S0029/S0032","51 vendor t0 + 12 t1 + 15 year-industry z variants, minus nine explicit raw per-share columns, yields 69 retained fields. Provider internal formulas are not reconstructed here.",fina_indicator end_date fiscal year; latest ann_date per ts_code/end_date; no per-filing anchor cutoff in candidate.,not independently verified against original/intermediate Parquet,False,source candidate(s) identified; not a from-raw cell-wise reconstruction
fini_ocf_to_shortdebt_t0,fini_,matching_candidate_vendor_field_map_recovered,"MAC:S0040, S0063, S0048; earlier variants S0029/S0032","51 vendor t0 + 12 t1 + 15 year-industry z variants, minus nine explicit raw per-share columns, yields 69 retained fields. Provider internal formulas are not reconstructed here.",fina_indicator end_date fiscal year; latest ann_date per ts_code/end_date; no per-filing anchor cutoff in candidate.,not independently verified against original/intermediate Parquet,False,source candidate(s) identified; not a from-raw cell-wise reconstruction
fini_ocf_yoy_t0,fini_,matching_candidate_vendor_field_map_recovered,"MAC:S0040, S0063, S0048; earlier variants S0029/S0032","51 vendor t0 + 12 t1 + 15 year-industry z variants, minus nine explicit raw per-share columns, yields 69 retained fields. Provider internal formulas are not reconstructed here.",fina_indicator end_date fiscal year; latest ann_date per ts_code/end_date; no per-filing anchor cutoff in candidate.,not independently verified against original/intermediate Parquet,False,source candidate(s) identified; not a from-raw cell-wise reconstruction
fini_ocfps_t0_zind,fini_,matching_candidate_vendor_field_map_recovered,"MAC:S0040, S0063, S0048; earlier variants S0029/S0032","51 vendor t0 + 12 t1 + 15 year-industry z variants, minus nine explicit raw per-share columns, yields 69 retained fields. Provider internal formulas are not reconstructed here.","fina_indicator end_date fiscal year; latest ann_date per ts_code/end_date; no per-filing anchor cutoff in candidate. Candidate standardization uses same-year industry groups, not the training-only model-input scaler.",not independently verified against original/intermediate Parquet,False,source candidate(s) identified; not a from-raw cell-wise reconstruction
fini_op_of_gr_t0,fini_,matching_candidate_vendor_field_map_recovered,"MAC:S0040, S0063, S0048; earlier variants S0029/S0032","51 vendor t0 + 12 t1 + 15 year-industry z variants, minus nine explicit raw per-share columns, yields 69 retained fields. Provider internal formulas are not reconstructed here.",fina_indicator end_date fiscal year; latest ann_date per ts_code/end_date; no per-filing anchor cutoff in candidate.,not independently verified against original/intermediate Parquet,False,source candidate(s) identified; not a from-raw cell-wise reconstruction
fini_op_of_gr_t0_zind,fini_,matching_candidate_vendor_field_map_recovered,"MAC:S0040, S0063, S0048; earlier variants S0029/S0032","51 vendor t0 + 12 t1 + 15 year-industry z variants, minus nine explicit raw per-share columns, yields 69 retained fields. Provider internal formulas are not reconstructed here.","fina_indicator end_date fiscal year; latest ann_date per ts_code/end_date; no per-filing anchor cutoff in candidate. Candidate standardization uses same-year industry groups, not the training-only model-input scaler.",not independently verified against original/intermediate Parquet,False,source candidate(s) identified; not a from-raw cell-wise reconstruction
fini_op_of_gr_t1,fini_,matching_candidate_vendor_field_map_recovered,"MAC:S0040, S0063, S0048; earlier variants S0029/S0032","51 vendor t0 + 12 t1 + 15 year-industry z variants, minus nine explicit raw per-share columns, yields 69 retained fields. Provider internal formulas are not reconstructed here.",fina_indicator end_date fiscal year; latest ann_date per ts_code/end_date; no per-filing anchor cutoff in candidate.,not independently verified against original/intermediate Parquet,False,source candidate(s) identified; not a from-raw cell-wise reconstruction
fini_op_yoy_t0,fini_,matching_candidate_vendor_field_map_recovered,"MAC:S0040, S0063, S0048; earlier variants S0029/S0032","51 vendor t0 + 12 t1 + 15 year-industry z variants, minus nine explicit raw per-share columns, yields 69 retained fields. Provider internal formulas are not reconstructed here.",fina_indicator end_date fiscal year; latest ann_date per ts_code/end_date; no per-filing anchor cutoff in candidate.,not independently verified against original/intermediate Parquet,False,source candidate(s) identified; not a from-raw cell-wise reconstruction
fini_profit_to_gr_t0,fini_,matching_candidate_vendor_field_map_recovered,"MAC:S0040, S0063, S0048; earlier variants S0029/S0032","51 vendor t0 + 12 t1 + 15 year-industry z variants, minus nine explicit raw per-share columns, yields 69 retained fields. Provider internal formulas are not reconstructed here.",fina_indicator end_date fiscal year; latest ann_date per ts_code/end_date; no per-filing anchor cutoff in candidate.,not independently verified against original/intermediate Parquet,False,source candidate(s) identified; not a from-raw cell-wise reconstruction
fini_profit_to_gr_t0_zind,fini_,matching_candidate_vendor_field_map_recovered,"MAC:S0040, S0063, S0048; earlier variants S0029/S0032","51 vendor t0 + 12 t1 + 15 year-industry z variants, minus nine explicit raw per-share columns, yields 69 retained fields. Provider internal formulas are not reconstructed here.","fina_indicator end_date fiscal year; latest ann_date per ts_code/end_date; no per-filing anchor cutoff in candidate. Candidate standardization uses same-year industry groups, not the training-only model-input scaler.",not independently verified against original/intermediate Parquet,False,source candidate(s) identified; not a from-raw cell-wise reconstruction
fini_profit_to_gr_t1,fini_,matching_candidate_vendor_field_map_recovered,"MAC:S0040, S0063, S0048; earlier variants S0029/S0032","51 vendor t0 + 12 t1 + 15 year-industry z variants, minus nine explicit raw per-share columns, yields 69 retained fields. Provider internal formulas are not reconstructed here.",fina_indicator end_date fiscal year; latest ann_date per ts_code/end_date; no per-filing anchor cutoff in candidate.,not independently verified against original/intermediate Parquet,False,source candidate(s) identified; not a from-raw cell-wise reconstruction
fini_profit_to_op_t0,fini_,matching_candidate_vendor_field_map_recovered,"MAC:S0040, S0063, S0048; earlier variants S0029/S0032","51 vendor t0 + 12 t1 + 15 year-industry z variants, minus nine explicit raw per-share columns, yields 69 retained fields. Provider internal formulas are not reconstructed here.",fina_indicator end_date fiscal year; latest ann_date per ts_code/end_date; no per-filing anchor cutoff in candidate.,not independently verified against original/intermediate Parquet,False,source candidate(s) identified; not a from-raw cell-wise reconstruction
fini_q_ocf_to_sales_t0,fini_,matching_candidate_vendor_field_map_recovered,"MAC:S0040, S0063, S0048; earlier variants S0029/S0032","51 vendor t0 + 12 t1 + 15 year-industry z variants, minus nine explicit raw per-share columns, yields 69 retained fields. Provider internal formulas are not reconstructed here.",fina_indicator end_date fiscal year; latest ann_date per ts_code/end_date; no per-filing anchor cutoff in candidate.,not independently verified against original/intermediate Parquet,False,source candidate(s) identified; not a from-raw cell-wise reconstruction
fini_q_ocf_to_sales_t0_zind,fini_,matching_candidate_vendor_field_map_recovered,"MAC:S0040, S0063, S0048; earlier variants S0029/S0032","51 vendor t0 + 12 t1 + 15 year-industry z variants, minus nine explicit raw per-share columns, yields 69 retained fields. Provider internal formulas are not reconstructed here.","fina_indicator end_date fiscal year; latest ann_date per ts_code/end_date; no per-filing anchor cutoff in candidate. Candidate standardization uses same-year industry groups, not the training-only model-input scaler.",not independently verified against original/intermediate Parquet,False,source candidate(s) identified; not a from-raw cell-wise reconstruction
fini_q_ocf_to_sales_t1,fini_,matching_candidate_vendor_field_map_recovered,"MAC:S0040, S0063, S0048; earlier variants S0029/S0032","51 vendor t0 + 12 t1 + 15 year-industry z variants, minus nine explicit raw per-share columns, yields 69 retained fields. Provider internal formulas are not reconstructed here.",fina_indicator end_date fiscal year; latest ann_date per ts_code/end_date; no per-filing anchor cutoff in candidate.,not independently verified against original/intermediate Parquet,False,source candidate(s) identified; not a from-raw cell-wise reconstruction
fini_quick_ratio_t0,fini_,matching_candidate_vendor_field_map_recovered,"MAC:S0040, S0063, S0048; earlier variants S0029/S0032","51 vendor t0 + 12 t1 + 15 year-industry z variants, minus nine explicit raw per-share columns, yields 69 retained fields. Provider internal formulas are not reconstructed here.",fina_indicator end_date fiscal year; latest ann_date per ts_code/end_date; no per-filing anchor cutoff in candidate.,not independently verified against original/intermediate Parquet,False,source candidate(s) identified; not a from-raw cell-wise reconstruction
fini_quick_ratio_t0_zind,fini_,matching_candidate_vendor_field_map_recovered,"MAC:S0040, S0063, S0048; earlier variants S0029/S0032","51 vendor t0 + 12 t1 + 15 year-industry z variants, minus nine explicit raw per-share columns, yields 69 retained fields. Provider internal formulas are not reconstructed here.","fina_indicator end_date fiscal year; latest ann_date per ts_code/end_date; no per-filing anchor cutoff in candidate. Candidate standardization uses same-year industry groups, not the training-only model-input scaler.",not independently verified against original/intermediate Parquet,False,source candidate(s) identified; not a from-raw cell-wise reconstruction
fini_quick_ratio_t1,fini_,matching_candidate_vendor_field_map_recovered,"MAC:S0040, S0063, S0048; earlier variants S0029/S0032","51 vendor t0 + 12 t1 + 15 year-industry z variants, minus nine explicit raw per-share columns, yields 69 retained fields. Provider internal formulas are not reconstructed here.",fina_indicator end_date fiscal year; latest ann_date per ts_code/end_date; no per-filing anchor cutoff in candidate.,not independently verified against original/intermediate Parquet,False,source candidate(s) identified; not a from-raw cell-wise reconstruction
fini_roa_t0,fini_,matching_candidate_vendor_field_map_recovered,"MAC:S0040, S0063, S0048; earlier variants S0029/S0032","51 vendor t0 + 12 t1 + 15 year-industry z variants, minus nine explicit raw per-share columns, yields 69 retained fields. Provider internal formulas are not reconstructed here.",fina_indicator end_date fiscal year; latest ann_date per ts_code/end_date; no per-filing anchor cutoff in candidate.,not independently verified against original/intermediate Parquet,False,source candidate(s) identified; not a from-raw cell-wise reconstruction
fini_roa_t0_zind,fini_,matching_candidate_vendor_field_map_recovered,"MAC:S0040, S0063, S0048; earlier variants S0029/S0032","51 vendor t0 + 12 t1 + 15 year-industry z variants, minus nine explicit raw per-share columns, yields 69 retained fields. Provider internal formulas are not reconstructed here.","fina_indicator end_date fiscal year; latest ann_date per ts_code/end_date; no per-filing anchor cutoff in candidate. Candidate standardization uses same-year industry groups, not the training-only model-input scaler.",not independently verified against original/intermediate Parquet,False,source candidate(s) identified; not a from-raw cell-wise reconstruction
fini_roa_t1,fini_,matching_candidate_vendor_field_map_recovered,"MAC:S0040, S0063, S0048; earlier variants S0029/S0032","51 vendor t0 + 12 t1 + 15 year-industry z variants, minus nine explicit raw per-share columns, yields 69 retained fields. Provider internal formulas are not reconstructed here.",fina_indicator end_date fiscal year; latest ann_date per ts_code/end_date; no per-filing anchor cutoff in candidate.,not independently verified against original/intermediate Parquet,False,source candidate(s) identified; not a from-raw cell-wise reconstruction
fini_roe_t0,fini_,matching_candidate_vendor_field_map_recovered,"MAC:S0040, S0063, S0048; earlier variants S0029/S0032","51 vendor t0 + 12 t1 + 15 year-industry z variants, minus nine explicit raw per-share columns, yields 69 retained fields. Provider internal formulas are not reconstructed here.",fina_indicator end_date fiscal year; latest ann_date per ts_code/end_date; no per-filing anchor cutoff in candidate.,not independently verified against original/intermediate Parquet,False,source candidate(s) identified; not a from-raw cell-wise reconstruction
fini_roe_t0_zind,fini_,matching_candidate_vendor_field_map_recovered,"MAC:S0040, S0063, S0048; earlier variants S0029/S0032","51 vendor t0 + 12 t1 + 15 year-industry z variants, minus nine explicit raw per-share columns, yields 69 retained fields. Provider internal formulas are not reconstructed here.","fina_indicator end_date fiscal year; latest ann_date per ts_code/end_date; no per-filing anchor cutoff in candidate. Candidate standardization uses same-year industry groups, not the training-only model-input scaler.",not independently verified against original/intermediate Parquet,False,source candidate(s) identified; not a from-raw cell-wise reconstruction
fini_roe_t1,fini_,matching_candidate_vendor_field_map_recovered,"MAC:S0040, S0063, S0048; earlier variants S0029/S0032","51 vendor t0 + 12 t1 + 15 year-industry z variants, minus nine explicit raw per-share columns, yields 69 retained fields. Provider internal formulas are not reconstructed here.",fina_indicator end_date fiscal year; latest ann_date per ts_code/end_date; no per-filing anchor cutoff in candidate.,not independently verified against original/intermediate Parquet,False,source candidate(s) identified; not a from-raw cell-wise reconstruction
fini_roe_yoy_t0,fini_,matching_candidate_vendor_field_map_recovered,"MAC:S0040, S0063, S0048; earlier variants S0029/S0032","51 vendor t0 + 12 t1 + 15 year-industry z variants, minus nine explicit raw per-share columns, yields 69 retained fields. Provider internal formulas are not reconstructed here.",fina_indicator end_date fiscal year; latest ann_date per ts_code/end_date; no per-filing anchor cutoff in candidate.,not independently verified against original/intermediate Parquet,False,source candidate(s) identified; not a from-raw cell-wise reconstruction
fini_roic_t0,fini_,matching_candidate_vendor_field_map_recovered,"MAC:S0040, S0063, S0048; earlier variants S0029/S0032","51 vendor t0 + 12 t1 + 15 year-industry z variants, minus nine explicit raw per-share columns, yields 69 retained fields. Provider internal formulas are not reconstructed here.",fina_indicator end_date fiscal year; latest ann_date per ts_code/end_date; no per-filing anchor cutoff in candidate.,not independently verified against original/intermediate Parquet,False,source candidate(s) identified; not a from-raw cell-wise reconstruction
fini_saleexp_to_gr_t0,fini_,matching_candidate_vendor_field_map_recovered,"MAC:S0040, S0063, S0048; earlier variants S0029/S0032","51 vendor t0 + 12 t1 + 15 year-industry z variants, minus nine explicit raw per-share columns, yields 69 retained fields. Provider internal formulas are not reconstructed here.",fina_indicator end_date fiscal year; latest ann_date per ts_code/end_date; no per-filing anchor cutoff in candidate.,not independently verified against original/intermediate Parquet,False,source candidate(s) identified; not a from-raw cell-wise reconstruction
fini_tangibleasset_to_debt_t0,fini_,matching_candidate_vendor_field_map_recovered,"MAC:S0040, S0063, S0048; earlier variants S0029/S0032","51 vendor t0 + 12 t1 + 15 year-industry z variants, minus nine explicit raw per-share columns, yields 69 retained fields. Provider internal formulas are not reconstructed here.",fina_indicator end_date fiscal year; latest ann_date per ts_code/end_date; no per-filing anchor cutoff in candidate.,not independently verified against original/intermediate Parquet,False,source candidate(s) identified; not a from-raw cell-wise reconstruction
fini_tbassets_to_totalassets_t0,fini_,matching_candidate_vendor_field_map_recovered,"MAC:S0040, S0063, S0048; earlier variants S0029/S0032","51 vendor t0 + 12 t1 + 15 year-industry z variants, minus nine explicit raw per-share columns, yields 69 retained fields. Provider internal formulas are not reconstructed here.",fina_indicator end_date fiscal year; latest ann_date per ts_code/end_date; no per-filing anchor cutoff in candidate.,not independently verified against original/intermediate Parquet,False,source candidate(s) identified; not a from-raw cell-wise reconstruction
fini_tr_yoy_t0,fini_,matching_candidate_vendor_field_map_recovered,"MAC:S0040, S0063, S0048; earlier variants S0029/S0032","51 vendor t0 + 12 t1 + 15 year-industry z variants, minus nine explicit raw per-share columns, yields 69 retained fields. Provider internal formulas are not reconstructed here.",fina_indicator end_date fiscal year; latest ann_date per ts_code/end_date; no per-filing anchor cutoff in candidate.,not independently verified against original/intermediate Parquet,False,source candidate(s) identified; not a from-raw cell-wise reconstruction
fini_turn_days_t0,fini_,matching_candidate_vendor_field_map_recovered,"MAC:S0040, S0063, S0048; earlier variants S0029/S0032","51 vendor t0 + 12 t1 + 15 year-industry z variants, minus nine explicit raw per-share columns, yields 69 retained fields. Provider internal formulas are not reconstructed here.",fina_indicator end_date fiscal year; latest ann_date per ts_code/end_date; no per-filing anchor cutoff in candidate.,not independently verified against original/intermediate Parquet,False,source candidate(s) identified; not a from-raw cell-wise reconstruction
pld_controller_max_ratio1,pld_,generator_rule_recovered,"A0006:L93-L94,L126-L134",Maximum Ratio1 among RelationtoCom matching 控股股东/实际控制人/控股/实控.,Matching is a string heuristic; missing final values filled with zero.,not independently verified against original/intermediate Parquet,False,candidate rule present; actual executed upstream patch not independently bound
pld_high_pledge_flag,pld_,generator_rule_recovered,"A0006:L57,L133-L138",Indicator(controller maximum Ratio1 >=80 OR all-record maximum Ratio1 >=80).,Includes a non-controller fallback; not exclusively a controlling-shareholder flag.,not independently verified against original/intermediate Parquet,False,candidate rule present; actual executed upstream patch not independently bound
pld_max_ratio2,pld_,generator_rule_recovered,"A0006:L77-L86,L117-L124",Annual maximum of numeric Ratio2.,DeclareDate calendar year; matches and nulls are subsequently zero-filled.,not independently verified against original/intermediate Parquet,False,candidate rule present; actual executed upstream patch not independently bound
pld_n_change_events,pld_,generator_rule_recovered,"A0006:L104-L106,L140-L143; A0031:L138-L141",A0031 uses #new - #release; A0006 uses #new + #release. No record-exclusive category constraint is shown.,Two different historical definitions share one output name; do not silently select a variant.,not independently verified against original/intermediate Parquet,False,candidate rule present; actual executed upstream patch not independently bound
pld_n_events,pld_,generator_rule_recovered,A0006:L117-L124,"Number of rows in the firm/year group (Ratio2 size), not count of nonmissing Ratio2 or proven unique events.",DeclareDate calendar year; upstream reader/dedup helper not in current export.,not independently verified against original/intermediate Parquet,False,candidate rule present; actual executed upstream patch not independently bound
pld_n_securities_pledgee,pld_,generator_rule_recovered,"A0006:L53,L96-L102,L117-L124",Count rows where PledgeeCatergory OR Pledgee contains 证券/券商/证券公司.,Pledgee is the receiving counterparty; do not relabel as pledgor.,not independently verified against original/intermediate Parquet,False,candidate rule present; actual executed upstream patch not independently bound
rpt_affect_profit_ratio,rpt_,generator_rule_recovered,"A0029:L101,L110-L123,L147-L173","Count(Ifafcprf ==1.0)/#rows, else 0 for zero denominator.","Record fraction, not impact amount divided by actual profit.",not independently verified against original/intermediate Parquet,False,candidate rule present; actual executed upstream patch not independently bound
rpt_max_pannrsm,rpt_,generator_rule_recovered,"A0029:L98,L115-L123,L147-L165","Maximum Pannrsm after missing->0, across volumes.","Thresholds/ratios follow supplied numeric field, not independently verified regulation.",not independently verified against original/intermediate Parquet,False,candidate rule present; actual executed upstream patch not independently bound
rpt_n_guarantee,rpt_,generator_rule_recovered,"A0029:L61,L103-L123,L147-L169",Count rows whose Kind contains 担保/保证.,May overlap other keyword categories; not graph guarantee edges.,not independently verified against original/intermediate Parquet,False,candidate rule present; actual executed upstream patch not independently bound
rpt_n_high_pannrsm,rpt_,generator_rule_recovered,"A0029:L62,L98-L109,L147-L166","Sum of row indicators(Pannrsm >5), strict inequality.",Code threshold only; no claim here that a legal approval rule requires this cutoff.,not independently verified against original/intermediate Parquet,False,candidate rule present; actual executed upstream patch not independently bound
rpt_n_loan,rpt_,generator_rule_recovered,"A0029:L60,L103-L123,L147-L168",Count rows whose Kind contains 贷款/拆借/借款.,String keyword rule; row count can include multiple records for a transaction.,not independently verified against original/intermediate Parquet,False,candidate rule present; actual executed upstream patch not independently bound
rpt_total_amount,rpt_,generator_rule_recovered,"A0029:L97-L123,L144-L156,L161-L164","log1p(sum(Isam)) across within-volume then cross-volume firm/year aggregations, float32.",Reptdt year; no transaction-identity deduplication or anchor-version cutoff shown.,not independently verified against original/intermediate Parquet,False,candidate rule present; actual executed upstream patch not independently bound
rpt_total_isgplo,rpt_,generator_rule_recovered,"A0029:L99,L115-L123,L147-L167","log1p(sum(Isgplo)) across volumes, float32.","No unit check, negative-sum guard or transaction-version deduplication shown.",not independently verified against original/intermediate Parquet,False,candidate rule present; actual executed upstream patch not independently bound
