source_id,archive_basename,member_path,original_sha256,export_sha256,redacted_line_count,byte_reconstruction
A0001,ch7_patch_v1_2.tar.gz,ch7_patch_v1_2/align_with_p5.py,db36088376c1191eca61c5e3c22c2850bc0e7d71f2a9792813371f593e74ce2e,24ec830e9bd5720596e33490a9bfecebf135f10ba40d3e91a74efa5a7ed891f9,3,not_attempted_redacted
A0002,ch7_patch_v1_1.tar.gz,ch7_patch_v1_1/compute_graph_stats.py,7f037efd5431ee9714f1728b951cb25107a69cfe85da8c8ef702341d9b4369fc,081a4ff77068f4cbdfe7249f6e22124534c8ede48808d9dca187a082746a2032,0,exact_original_sha256_match
A0003,ch7_patch_v1_1.tar.gz,ch7_patch_v1_1/align_with_p5.py,44e96fcbe92b1a6cf580f2598d0e3d0f051bc877c46027fa9972426b87507cd5,a7de1fe46a74876c3280b75084ca3f43d3ec4240b4532b7d0a27a9777509ecac,0,exact_original_sha256_match
A0004,ch7_v1_patch_v3.tar.gz,ch7_v1_patch_v3/scripts/integrate_audit_features.py,f8070ccaf444e79ec8c2a34ab59a68498586666b504f8ac8733484faf5917a5b,c6767cb5c762657fb398e25cd49e599c50026c9b930acdaf705ac5e1396dde3c,0,exact_original_sha256_match
A0005,ch7_gnn_v0_1_patch.tar.gz,ch7_patch_v0_1/gnn_baseline_v0_1.py,45d8c6c281249cd3c8d0e98c3140a8fcdbba16a3ee89ec8fcd036eb5876ce335,afdae7abec6342e1fcc9ea0596ea7ad88d0e663258a44b60d58ba664656eb628,0,exact_original_sha256_match
A0006,ch7_v1_patch_2026_05_08.tar.gz,ch7_v1_patch_2026_05_08/scripts/integrate_pledge_features.py,3951596d33be6551002f2994becca1f757c67a2495027e0534f7ac7914b5ff23,e2a8fa9c8b3702aef65f86a04a9d5ba867e45a5f412f7e0a974f1f70f48d7e8b,1,not_attempted_redacted
A0007,ch7_v1_patch_2026_05_08.tar.gz,ch7_v1_patch_2026_05_08/scripts/integrate_controller_features.py,473b50f4754556dbf4e124c7979e592c39cfc8088b2f6bbd18b70503814decff,409662c044ed25a20b56a892c670c27d4cc6d61239bc614159d1c688d56cc074,0,exact_original_sha256_match
A0008,ch7_v1_patch_2026_05_08.tar.gz,ch7_v1_patch_2026_05_08/scripts/run_patch.sh,7ec81835fb7564ffc0fbd2d3e00e0f055ebf408e7beae0e1928db3016e518e42,9c57d5f234174b46ec0acbbe5260e28eb08ab4a7637738238198716516679394,0,exact_original_sha256_match
A0009,ch7_v1_patch_2026_05_08.tar.gz,ch7_v1_patch_2026_05_08/scripts/integrate_audit_features.py,4e23314d3ca61fc5c586437bceec4d096eaf6e5b315cedc0d5dbfcd1151a0619,e2f9350701d11c70513fc66a6507f1f4dfee2cf7a30988110d3270650ef687d4,0,exact_original_sha256_match
A0010,files (20).zip,_tushare_common.py,2e0e93d5619eaeb19321dde471e805d828fe687b815193fb6eed81e84aa4015d,0995a2bcbcf5e15462d4d133e98a59be349114bb2afcc17c3bf1f82607476613,1,not_attempted_redacted
A0011,files (20).zip,download_top10_holders.py,84e26357f26a61dcb60b8246eecc8e155caa4e7b42c37cd6306fabc354b6b1cc,fa8507b25405d4b232f24b4dd9146bcfefe35e1f380b8af10d447cb5aab5bc3f,1,not_attempted_redacted
A0012,files (20).zip,download_stk_managers.py,4f2e20f2b68050c236acecb9dfc1537033566a5cb65f979053c3c129f9d3470b,a16bcc293c43232a1324f1203d229743b989608d2a7b88aa305063173f5f890e,1,not_attempted_redacted
A0013,paper1_year_calibration_v1.tar.gz,./README.md,1652472a55c1a94703503e3f4c77ef0a1e151a7e6fdda6b5d9dc2b3f6d497122,57458de445d8bf1d722fcc27e30f4b564607b7a9a481516a03148f04a575ef62,1,not_attempted_redacted
A0014,paper1_year_calibration_v2.tar.gz,./README.md,e12b3da0dd415e3405c0e0e333129dbe794627e0b2c1584d75b586611251b168,61c1ef399dc85e0ff073533e6e73f71ef98506f44edc3cb5ee7454ee441b856a,1,not_attempted_redacted
A0015,ch7_v74_final.tar.gz,ch7_v74_final/scripts/build_kg_v1_2.py,9860ee92b8097b135a268ec01fce139e227388ca0edefe4fc08dd671de605e65,fcc909511de054dcb1a0f8431a81b1c1ee191bc05c3042fccb77b6508243eda8,0,exact_original_sha256_match
A0016,ch7_prep_v1.tar.gz,ch7_prep/scripts/subgraph_sampler.py,849d7d7dbe4e3ee48201a6d075ef1472d735e1448cb414c270861288539c7190,3ce0d39cc67e9b4ee25d62ef447f512c66147b35dc2b2b7c0a1b25f19cc30aa9,2,not_attempted_redacted
A0017,ch7_prep_v1.tar.gz,ch7_prep/scripts/build_kg_nodes.py,eefb45a2124383b86d36b4299752bc17024ae34da2bb775579fe26a4e5f16fe4,9e6e2f954e57663c57195236a3d08c19b257c698c70a91155b65c89ed90ab420,0,exact_original_sha256_match
A0018,ch7_prep_v1.tar.gz,ch7_prep/scripts/compute_graph_stats.py,386a90013845821f9eccf292a0aac12fb15da921bcd8a4c0cb33a6a4c84dca44,5b25fb27385e5f7d9bdd9391500b50f12add45ea655cecd069914f7a830eb30b,0,exact_original_sha256_match
A0019,ch7_prep_v1.tar.gz,ch7_prep/scripts/_kg_common.py,de6193a73ada8f38e4ec210a95e43002d107864de9e288d33db12e6802d632c3,c1fe1e9207a9facf68a7f017e1d91abb57ab070b3cae4ddbb83511b18b5bf930,1,not_attempted_redacted
A0020,ch7_prep_v1.tar.gz,ch7_prep/scripts/build_kg_edges.py,a06ff087e2fef159ca0754db089032501e322371d27b2ebe6085eb15bc548783,3da2a4711a0ac2e2b1a491b49bb247b63260dceb7fc9b081c6d67d242f865552,0,exact_original_sha256_match
A0021,ch7_prep_v1.tar.gz,ch7_prep/scripts/align_with_p5.py,b14e1a8571aa77f13b9dc437e1d2c60e961f8cb8fb4827974ed78b228a08f0de,d85a48442d302f0bba6da8dd4bbef1857c1e4083c822a15280391a379e758371,0,exact_original_sha256_match
A0022,release_artifacts_v15_scaffold (1).tar.gz,release_artifacts_v15/helper_scripts/04_generate_synthetic_samples.py,f0e11d1f0e1c5f8db51f5550432200dd511e01bd734da5f11bac98e991a10122,14a9a8a82eb244bd23d75ff383bdabb6fd8bfa1c6f8ff88af6cda2b3a432e47e,0,exact_original_sha256_match
A0023,release_artifacts_v15_scaffold (1).tar.gz,release_artifacts_v15/helper_scripts/01_extract_data_dictionary.py,11378234ef3935f1f6f3304f02d6516631918cf904f89b677cc523c9c467e944,ef27e8d3747bf85bd0c91869630e37c20605ff059db7219de7c7f700d3e37b64,0,exact_original_sha256_match
A0024,release_artifacts_v15_scaffold (1).tar.gz,release_artifacts_v15/reproduce/reproduce_table_v4b.sh,a740b71104b422a0a0fa59343ee7b80edd9ae135dc0d8b7ec14983a2377e9508,67603c92be1038afeb10ea432bea25a40d7d2787a40ba8aa08118a494066b25d,0,exact_original_sha256_match
A0025,release_artifacts_v15_scaffold (1).tar.gz,release_artifacts_v15/reproduce/reproduce_table_v4.sh,e5db036539a21fed5b31d46d3a2b42845de90861048789f92d4cb5a063f56113,6b02121b0a22e766644774a2cc16e44d1525b492bc42b995b6f4531a24442633,0,exact_original_sha256_match
A0026,release_artifacts_v15_scaffold (1).tar.gz,release_artifacts_v15/README_RELEASE.md,c54e279906cd2359eb88c8989fb2970bb546668f9d168f5448cf5a83ccbb5055,17a24600bd04507729a20e0433ac9134aa1f16e4c9b8ae7c4dd85c1825f08b62,0,exact_original_sha256_match
A0027,release_artifacts_v15_scaffold (2).tar.gz,release_artifacts_v15/helper_scripts/02_extract_split_ids.py,28c56304e1273c64314a7d6fc2cff846357fa2ac456a3bceff289e3229e3684b,ade6a72f6f7eaa185820cdb053be354c6fb3fa96c3b026b0c80eba7c4a7abfde,0,exact_original_sha256_match
A0028,release_artifacts_v15_scaffold (2).tar.gz,release_artifacts_v15/helper_scripts/01_extract_data_dictionary.py,4505c0418eb032816e0518bc34d4f767661a3c443e3771b3c7f36d578fcb8eae,d87364d6154028549984963255a0ab06cd3b56301ebdf2da57314a7a632feac4,0,exact_original_sha256_match
A0029,ch7_v1_integration_v1.tar.gz,ch7_v1_integration/scripts/integrate_rpt_operation_features.py,b025113d3729cd64871af66508bc22b8555fe1fc087a8760f392f055ca3a5199,217ec167fb7b5510ed69bccd83b3b7f4dde9da9d586a0eb5b53bad5b1eef29b4,1,not_attempted_redacted
A0030,ch7_v1_integration_v1.tar.gz,ch7_v1_integration/scripts/build_kg_e7_trade.py,b0e23e1431b4f6c160b4153ca314245f8810547ae52d4047dc5eec08f36853f2,3604e6b83538374e77aae8a455c2f8817d851c74ddf81b321753a52fd0c564de,1,not_attempted_redacted
A0031,ch7_v1_integration_v1.tar.gz,ch7_v1_integration/scripts/integrate_pledge_features.py,602850599632f9a699554b3121741c2e637ba64d8b29125263bbdcbb4f3c9650,4e2ed031444fa5752b60344e8f152c7c73af215047a1749b8530d0bc5c91ef93,1,not_attempted_redacted
A0032,ch7_v1_integration_v1.tar.gz,ch7_v1_integration/scripts/integrate_controller_features.py,84ca176fc7ecf2c4730b3ec3fc52cb21d833d3c5397919123b66d26120fbf905,a1454e1630cd0729a472b8a82d6de577ff64c5002acd6ecfb0fecced3f422344,0,exact_original_sha256_match
A0033,ch7_v1_integration_v1.tar.gz,ch7_v1_integration/scripts/merge_features_v1_1.py,c6d2f72c65ce6707a005674176c65f473b5277f89f9aefa0fb5a03453b6b89b7,346015abd89879579028d322333fd142a17ae2f39d6d8441da4d25a891bee400,0,exact_original_sha256_match
A0034,ch7_v1_integration_v1.tar.gz,ch7_v1_integration/scripts/integrate_audit_features.py,1c2be9cc52b3a9e8402cc00e829c6ecb7c01fb878d923c07c2fbb0a881354bd2,7f15260cf1bf0f2f528357d016fd6ca17c4c888541fb78641e0dd90796aad444,0,exact_original_sha256_match
A0035,ch7_v1_integration_v1.tar.gz,ch7_v1_integration/scripts/run_all.sh,53671babfa8259ccf32aff0df119ba8a6ad872b52a5e27f95eadeccc5ace34fe,8dd4d7b6d5b475a674be717853035fe093eb1d5c258facc7d8ec894d48a9493a,0,exact_original_sha256_match
A0036,ch7_v1_integration_v1.tar.gz,ch7_v1_integration/scripts/merge_features_v1_0.py,5850a69f8b2f50bbb67949dbb0f9b1df39229e481e9aa6c61997e586afd5bca9,0e4bccf83f4e4866371ec581c417b4866dc82ebc92cb1447545b1f433d810bad,0,exact_original_sha256_match
A0037,ch7_v1_integration_v1.tar.gz,ch7_v1_integration/docs/README.md,f0b00ce0c66aaa2aed4cfc2aff7054c0599d7519a2b9f0c9ca48023e7243606d,47e2e230e0c57bd27662a7477efcf47d47190acc948cddc3ede331687a3cca36,1,not_attempted_redacted
A0038,files (18).zip,tushare_data_needs.py,5528ac03f4311faa6f965a62bbe78e8600d4b3e315fbaf4474b01f4af4157c7f,4d2b2efde2350129044aa8b806f8c42b53f338df1e5f7c60cb01a99403925638,0,exact_original_sha256_match
A0039,ch7_phase2_v1.tar.gz,ch7_phase2_handoff/gnn_baseline/gnn_baseline_v0.py,c3b6cee06b7c2b89d2f04b65316ee557d0501b4fa1a52a2ef6e376413e858ddd,d2c0a1d867e6878f832b4ca0df0b8557a5440a68e0285a76cd8e0a5f9461d547,0,exact_original_sha256_match
A0040,ch7_phase2_v1.tar.gz,ch7_phase2_handoff/gnn_baseline/gnn_baseline_common.py,c7ec9a84b470b2aeb58ba6388c8b766e396665eb5e2ede17832a26ec7b0f20cc,0a5d7c557c8b3d804217500b1fcc0d0b6f1b2503950053430c428579234f7da6,0,exact_original_sha256_match
A0041,audit_repo_scaffold.tar.gz,./scripts/analysis/README.md,0fb076a3f7ed064834acb1b8e9f0de90d7e247a53222d8d6f65263143ec40933,71001c1b64c2f3403ad171ecd638fddaaa912f8d0a863916c602ffb19b280ca2,0,exact_original_sha256_match
A0042,features-over-architectures-clean.zip,data/README.md,c47bf8863318709abe391c8f8a56e6d8eea6e143573afab63aa60f112dfa7165,3e41ef242f2085773cb4ff52dd9a1d7f5e9d077103c785f16dbe591a78653f85,0,exact_original_sha256_match
A0043,foa_data_and_scripts_20260515_220508.tar.gz,./scripts/training/prepare_node_features_v1_1.py,ea06f8686fa6661704f15c7ed2b40de1c2adcd8f642e99226ba2078675e22ef1,b6c8250f83822e64d42b23963524664397f410844064306e3b4e621986fc711c,5,not_attempted_redacted
A0044,foa_data_and_scripts_20260515_220508.tar.gz,./scripts/training/gnn_baseline_v1_1.py,dd727de2efa3385f427aab7e9df4de2f0d3dd24597d0930ecc862aa1e76dca38,5c49ed75b85d3268afa87cad417e01f2da6578ad1c2c259d390f2ea824928240,0,exact_original_sha256_match
A0045,files - 2026-06-15T173849.712.zip,Paper3_handoff_bundle.zip :: make_s1_xlsx.py,80b434ad92b4b312fe3853b5000b1ac848a8d61247d5e6f33341553bd4ce4569,0158c00b2c52adf73c6655ad34791f63368a4862a9f872c90cb467412a57b0b3,0,exact_original_sha256_match
A0046,audit-opinion-fraud-ml.tar.gz,audit-opinion-fraud-ml/README.md,f29853dd378b91d3a8b4d411236f518392b1b9da8ec2724696705eae3bb0fad2,50005ad58a7843a1354e8219533eb33ebbbf974efd0ea45de96273d9e34678d2,0,exact_original_sha256_match
