condition,seed,n,budget,cutoff_tie_rows,selected_from_cutoff_tie,cutoff_tie_positive,tie_p5_min,tie_p5_max,p5_unified,p5_archived
STORED_GAT_M11,1024,8435,422,1,1,0,0.0,0.0,0.0,0.0
STORED_GAT_M11,123,8435,422,1,1,0,0.004739336492890996,0.004739336492890996,0.004739336492890996,0.004739336492890996
STORED_GAT_M11,42,8435,422,1,1,0,0.004739336492890996,0.004739336492890996,0.004739336492890996,0.004739336492890996
STORED_GAT_M11,456,8435,422,1,1,0,0.002369668246445498,0.002369668246445498,0.002369668246445498,0.002369668246445498
STORED_GAT_M11,789,8435,422,1,1,0,0.0,0.0,0.0,0.0
STORED_GCN_M11,1024,8435,422,1,1,0,0.004739336492890996,0.004739336492890996,0.004739336492890996,0.004739336492890996
STORED_GCN_M11,123,8435,422,1,1,0,0.009478672985781991,0.009478672985781991,0.009478672985781991,0.009478672985781991
STORED_GCN_M11,42,8435,422,1,1,0,0.002369668246445498,0.002369668246445498,0.002369668246445498,0.002369668246445498
STORED_GCN_M11,456,8435,422,1,1,0,0.002369668246445498,0.002369668246445498,0.002369668246445498,0.002369668246445498
STORED_GCN_M11,789,8435,422,1,1,0,0.0,0.0,0.0,0.0
STORED_MLP_M11,1024,8435,422,1,1,0,0.016587677725118485,0.016587677725118485,0.016587677725118485,0.016587677725118485
STORED_MLP_M11,123,8435,422,1,1,0,0.009478672985781991,0.009478672985781991,0.009478672985781991,0.009478672985781991
STORED_MLP_M11,42,8435,422,1,1,0,0.016587677725118485,0.016587677725118485,0.016587677725118485,0.016587677725118485
STORED_MLP_M11,456,8435,422,1,1,0,0.016587677725118485,0.016587677725118485,0.016587677725118485,0.016587677725118485
STORED_MLP_M11,789,8435,422,1,1,0,0.014218009478672985,0.014218009478672985,0.014218009478672985,0.014218009478672985
STORED_RGCN_M11,1024,8435,422,1,1,0,0.009478672985781991,0.009478672985781991,0.009478672985781991,0.009478672985781991
STORED_RGCN_M11,123,8435,422,1,1,0,0.009478672985781991,0.009478672985781991,0.009478672985781991,0.009478672985781991
STORED_RGCN_M11,42,8435,422,1,1,0,0.009478672985781991,0.009478672985781991,0.009478672985781991,0.009478672985781991
STORED_RGCN_M11,456,8435,422,1,1,0,0.011848341232227487,0.011848341232227487,0.011848341232227487,0.011848341232227487
STORED_RGCN_M11,789,8435,422,1,1,0,0.009478672985781991,0.009478672985781991,0.009478672985781991,0.009478672985781991
STORED_SAGE_M11,1024,8435,422,1,1,0,0.014218009478672985,0.014218009478672985,0.014218009478672985,0.014218009478672985
STORED_SAGE_M11,123,8435,422,1,1,0,0.014218009478672985,0.014218009478672985,0.014218009478672985,0.014218009478672985
STORED_SAGE_M11,42,8435,422,1,1,0,0.009478672985781991,0.009478672985781991,0.009478672985781991,0.009478672985781991
STORED_SAGE_M11,456,8435,422,1,1,0,0.0071090047393364926,0.0071090047393364926,0.0071090047393364926,0.0071090047393364926
STORED_SAGE_M11,789,8435,422,1,1,0,0.009478672985781991,0.009478672985781991,0.009478672985781991,0.009478672985781991
STORED_GAT_G6,1024,8435,422,969,300,2,0.0,0.004739336492890996,0.0,0.004739336492890996
STORED_GAT_G6,123,8435,422,1,1,0,0.002369668246445498,0.002369668246445498,0.002369668246445498,0.002369668246445498
STORED_GAT_G6,42,8435,422,3,1,0,0.004739336492890996,0.004739336492890996,0.004739336492890996,0.004739336492890996
STORED_GAT_G6,456,8435,422,661,422,2,0.0,0.004739336492890996,0.002369668246445498,0.004739336492890996
STORED_GAT_G6,789,8435,422,1,1,0,0.002369668246445498,0.002369668246445498,0.002369668246445498,0.002369668246445498
STORED_GCN_G6,1024,8435,422,1,1,0,0.0,0.0,0.0,0.0
STORED_GCN_G6,123,8435,422,1,1,0,0.0,0.0,0.0,0.0
STORED_GCN_G6,42,8435,422,1,1,0,0.0,0.0,0.0,0.0
STORED_GCN_G6,456,8435,422,1,1,0,0.0,0.0,0.0,0.0
STORED_GCN_G6,789,8435,422,1,1,0,0.0,0.0,0.0,0.0
STORED_RGCN_G6,1024,8435,422,152,116,0,0.0,0.0,0.0,0.0
STORED_RGCN_G6,123,8435,422,1,1,0,0.0,0.0,0.0,0.0
STORED_RGCN_G6,42,8435,422,1,1,0,0.002369668246445498,0.002369668246445498,0.002369668246445498,0.002369668246445498
STORED_RGCN_G6,456,8435,422,1,1,0,0.0,0.0,0.0,0.0
STORED_RGCN_G6,789,8435,422,1,1,0,0.0,0.0,0.0,0.0
STORED_SAGE_G6,1024,8435,422,1,1,0,0.0,0.0,0.0,0.0
STORED_SAGE_G6,123,8435,422,1,1,0,0.0,0.0,0.0,0.0
STORED_SAGE_G6,42,8435,422,47,25,0,0.0,0.0,0.0,0.0
STORED_SAGE_G6,456,8435,422,1,1,0,0.0,0.0,0.0,0.0
STORED_SAGE_G6,789,8435,422,1,1,0,0.0,0.0,0.0,0.0
REVERSE_GAT_G6,1024,8435,422,1,1,0,0.002369668246445498,0.002369668246445498,0.002369668246445498,0.002369668246445498
REVERSE_GAT_G6,123,8435,422,1,1,0,0.004739336492890996,0.004739336492890996,0.004739336492890996,0.004739336492890996
REVERSE_GAT_G6,42,8435,422,1,1,0,0.002369668246445498,0.002369668246445498,0.002369668246445498,0.002369668246445498
REVERSE_GAT_G6,456,8435,422,1,1,0,0.004739336492890996,0.004739336492890996,0.004739336492890996,0.004739336492890996
REVERSE_GAT_G6,789,8435,422,1,1,0,0.002369668246445498,0.002369668246445498,0.002369668246445498,0.002369668246445498
REVERSE_GAT_M11,1024,8435,422,1863,422,4,0.0,0.009478672985781991,0.004739336492890996,0.0
REVERSE_GAT_M11,123,8435,422,2,2,0,0.002369668246445498,0.002369668246445498,0.002369668246445498,0.002369668246445498
REVERSE_GAT_M11,42,8435,422,1,1,0,0.016587677725118485,0.016587677725118485,0.016587677725118485,0.016587677725118485
REVERSE_GAT_M11,456,8435,422,1,1,0,0.002369668246445498,0.002369668246445498,0.002369668246445498,0.002369668246445498
REVERSE_GAT_M11,789,8435,422,1,1,0,0.004739336492890996,0.004739336492890996,0.004739336492890996,0.004739336492890996
REVERSE_GCN_G6,1024,8435,422,1,1,0,0.0071090047393364926,0.0071090047393364926,0.0071090047393364926,0.0071090047393364926
REVERSE_GCN_G6,123,8435,422,1,1,0,0.0071090047393364926,0.0071090047393364926,0.0071090047393364926,0.0071090047393364926
REVERSE_GCN_G6,42,8435,422,1,1,0,0.0071090047393364926,0.0071090047393364926,0.0071090047393364926,0.0071090047393364926
REVERSE_GCN_G6,456,8435,422,1,1,0,0.0071090047393364926,0.0071090047393364926,0.0071090047393364926,0.0071090047393364926
REVERSE_GCN_G6,789,8435,422,1,1,0,0.0071090047393364926,0.0071090047393364926,0.0071090047393364926,0.0071090047393364926
REVERSE_GCN_M11,1024,8435,422,1,1,0,0.002369668246445498,0.002369668246445498,0.002369668246445498,0.002369668246445498
REVERSE_GCN_M11,123,8435,422,1,1,0,0.0071090047393364926,0.0071090047393364926,0.0071090047393364926,0.0071090047393364926
REVERSE_GCN_M11,42,8435,422,1,1,0,0.009478672985781991,0.009478672985781991,0.009478672985781991,0.009478672985781991
REVERSE_GCN_M11,456,8435,422,1,1,0,0.004739336492890996,0.004739336492890996,0.004739336492890996,0.004739336492890996
REVERSE_GCN_M11,789,8435,422,1,1,0,0.004739336492890996,0.004739336492890996,0.004739336492890996,0.004739336492890996
REVERSE_RGCN_G6,1024,8435,422,1,1,0,0.004739336492890996,0.004739336492890996,0.004739336492890996,0.004739336492890996
REVERSE_RGCN_G6,123,8435,422,1,1,0,0.0,0.0,0.0,0.0
REVERSE_RGCN_G6,42,8435,422,1,1,0,0.002369668246445498,0.002369668246445498,0.002369668246445498,0.002369668246445498
REVERSE_RGCN_G6,456,8435,422,1,1,0,0.002369668246445498,0.002369668246445498,0.002369668246445498,0.002369668246445498
REVERSE_RGCN_G6,789,8435,422,1,1,0,0.0071090047393364926,0.0071090047393364926,0.0071090047393364926,0.0071090047393364926
REVERSE_RGCN_M11,1024,8435,422,1,1,0,0.0071090047393364926,0.0071090047393364926,0.0071090047393364926,0.0071090047393364926
REVERSE_RGCN_M11,123,8435,422,1,1,0,0.011848341232227487,0.011848341232227487,0.011848341232227487,0.011848341232227487
REVERSE_RGCN_M11,42,8435,422,1,1,0,0.009478672985781991,0.009478672985781991,0.009478672985781991,0.009478672985781991
REVERSE_RGCN_M11,456,8435,422,1,1,0,0.009478672985781991,0.009478672985781991,0.009478672985781991,0.009478672985781991
REVERSE_RGCN_M11,789,8435,422,1,1,0,0.009478672985781991,0.009478672985781991,0.009478672985781991,0.009478672985781991
REVERSE_SAGE_G6,1024,8435,422,1,1,0,0.002369668246445498,0.002369668246445498,0.002369668246445498,0.002369668246445498
REVERSE_SAGE_G6,123,8435,422,1,1,0,0.004739336492890996,0.004739336492890996,0.004739336492890996,0.004739336492890996
REVERSE_SAGE_G6,42,8435,422,1,1,0,0.0,0.0,0.0,0.0
REVERSE_SAGE_G6,456,8435,422,1,1,0,0.002369668246445498,0.002369668246445498,0.002369668246445498,0.002369668246445498
REVERSE_SAGE_G6,789,8435,422,2,2,0,0.0,0.0,0.0,0.0
REVERSE_SAGE_M11,1024,8435,422,1,1,0,0.011848341232227487,0.011848341232227487,0.011848341232227487,0.011848341232227487
REVERSE_SAGE_M11,123,8435,422,1,1,0,0.009478672985781991,0.009478672985781991,0.009478672985781991,0.009478672985781991
REVERSE_SAGE_M11,42,8435,422,1,1,0,0.0071090047393364926,0.0071090047393364926,0.0071090047393364926,0.0071090047393364926
REVERSE_SAGE_M11,456,8435,422,1,1,0,0.0071090047393364926,0.0071090047393364926,0.0071090047393364926,0.0071090047393364926
REVERSE_SAGE_M11,789,8435,422,1,1,0,0.011848341232227487,0.011848341232227487,0.011848341232227487,0.011848341232227487
TABUW_Lasso_M5,42,8435,422,1,1,0,0.004739336492890996,0.004739336492890996,0.004739336492890996,0.004739336492890996
TABUW_Lasso_M5,123,8435,422,1,1,0,0.004739336492890996,0.004739336492890996,0.004739336492890996,0.004739336492890996
TABUW_Lasso_M5,456,8435,422,1,1,0,0.004739336492890996,0.004739336492890996,0.004739336492890996,0.004739336492890996
TABUW_Lasso_M5,789,8435,422,1,1,0,0.004739336492890996,0.004739336492890996,0.004739336492890996,0.004739336492890996
TABUW_Lasso_M5,1024,8435,422,1,1,0,0.004739336492890996,0.004739336492890996,0.004739336492890996,0.004739336492890996
TABUW_Lasso_M10,42,8435,422,1,1,0,0.011848341232227487,0.011848341232227487,0.011848341232227487,0.011848341232227487
TABUW_Lasso_M10,123,8435,422,1,1,0,0.011848341232227487,0.011848341232227487,0.011848341232227487,0.011848341232227487
TABUW_Lasso_M10,456,8435,422,1,1,0,0.011848341232227487,0.011848341232227487,0.011848341232227487,0.011848341232227487
TABUW_Lasso_M10,789,8435,422,1,1,0,0.011848341232227487,0.011848341232227487,0.011848341232227487,0.011848341232227487
TABUW_Lasso_M10,1024,8435,422,1,1,0,0.011848341232227487,0.011848341232227487,0.011848341232227487,0.011848341232227487
TABUW_Lasso_M11,42,8435,422,1,1,0,0.011848341232227487,0.011848341232227487,0.011848341232227487,0.011848341232227487
TABUW_Lasso_M11,123,8435,422,1,1,0,0.011848341232227487,0.011848341232227487,0.011848341232227487,0.011848341232227487
TABUW_Lasso_M11,456,8435,422,1,1,0,0.011848341232227487,0.011848341232227487,0.011848341232227487,0.011848341232227487
TABUW_Lasso_M11,789,8435,422,1,1,0,0.011848341232227487,0.011848341232227487,0.011848341232227487,0.011848341232227487
TABUW_Lasso_M11,1024,8435,422,1,1,0,0.011848341232227487,0.011848341232227487,0.011848341232227487,0.011848341232227487
TABUW_Ridge_M5,42,8435,422,1,1,0,0.004739336492890996,0.004739336492890996,0.004739336492890996,0.004739336492890996
TABUW_Ridge_M5,123,8435,422,1,1,0,0.004739336492890996,0.004739336492890996,0.004739336492890996,0.004739336492890996
TABUW_Ridge_M5,456,8435,422,1,1,0,0.004739336492890996,0.004739336492890996,0.004739336492890996,0.004739336492890996
TABUW_Ridge_M5,789,8435,422,1,1,0,0.004739336492890996,0.004739336492890996,0.004739336492890996,0.004739336492890996
TABUW_Ridge_M5,1024,8435,422,1,1,0,0.004739336492890996,0.004739336492890996,0.004739336492890996,0.004739336492890996
TABUW_Ridge_M10,42,8435,422,1,1,0,0.011848341232227487,0.011848341232227487,0.011848341232227487,0.011848341232227487
TABUW_Ridge_M10,123,8435,422,1,1,0,0.011848341232227487,0.011848341232227487,0.011848341232227487,0.011848341232227487
TABUW_Ridge_M10,456,8435,422,1,1,0,0.011848341232227487,0.011848341232227487,0.011848341232227487,0.011848341232227487
TABUW_Ridge_M10,789,8435,422,1,1,0,0.011848341232227487,0.011848341232227487,0.011848341232227487,0.011848341232227487
TABUW_Ridge_M10,1024,8435,422,1,1,0,0.011848341232227487,0.011848341232227487,0.011848341232227487,0.011848341232227487
TABUW_Ridge_M11,42,8435,422,1,1,0,0.011848341232227487,0.011848341232227487,0.011848341232227487,0.011848341232227487
TABUW_Ridge_M11,123,8435,422,1,1,0,0.011848341232227487,0.011848341232227487,0.011848341232227487,0.011848341232227487
TABUW_Ridge_M11,456,8435,422,1,1,0,0.011848341232227487,0.011848341232227487,0.011848341232227487,0.011848341232227487
TABUW_Ridge_M11,789,8435,422,1,1,0,0.011848341232227487,0.011848341232227487,0.011848341232227487,0.011848341232227487
TABUW_Ridge_M11,1024,8435,422,1,1,0,0.011848341232227487,0.011848341232227487,0.011848341232227487,0.011848341232227487
TABUW_RandomForest_M5,42,8435,422,13,2,0,0.0071090047393364926,0.0071090047393364926,0.0071090047393364926,0.0071090047393364926
TABUW_RandomForest_M5,123,8435,422,12,6,0,0.0071090047393364926,0.0071090047393364926,0.0071090047393364926,0.0071090047393364926
TABUW_RandomForest_M5,456,8435,422,10,1,0,0.009478672985781991,0.009478672985781991,0.009478672985781991,0.009478672985781991
TABUW_RandomForest_M5,789,8435,422,20,19,0,0.009478672985781991,0.009478672985781991,0.009478672985781991,0.009478672985781991
TABUW_RandomForest_M5,1024,8435,422,17,16,0,0.009478672985781991,0.009478672985781991,0.009478672985781991,0.009478672985781991
TABUW_RandomForest_M10,42,8435,422,9,8,0,0.014218009478672985,0.014218009478672985,0.014218009478672985,0.014218009478672985
TABUW_RandomForest_M10,123,8435,422,15,6,0,0.014218009478672985,0.014218009478672985,0.014218009478672985,0.014218009478672985
TABUW_RandomForest_M10,456,8435,422,18,3,0,0.014218009478672985,0.014218009478672985,0.014218009478672985,0.014218009478672985
TABUW_RandomForest_M10,789,8435,422,18,11,0,0.014218009478672985,0.014218009478672985,0.014218009478672985,0.014218009478672985
TABUW_RandomForest_M10,1024,8435,422,13,10,0,0.014218009478672985,0.014218009478672985,0.014218009478672985,0.014218009478672985
TABUW_RandomForest_M11,42,8435,422,16,11,0,0.016587677725118485,0.016587677725118485,0.016587677725118485,0.016587677725118485
TABUW_RandomForest_M11,123,8435,422,11,7,0,0.016587677725118485,0.016587677725118485,0.016587677725118485,0.016587677725118485
TABUW_RandomForest_M11,456,8435,422,19,8,0,0.016587677725118485,0.016587677725118485,0.016587677725118485,0.016587677725118485
TABUW_RandomForest_M11,789,8435,422,15,4,0,0.016587677725118485,0.016587677725118485,0.016587677725118485,0.016587677725118485
TABUW_RandomForest_M11,1024,8435,422,10,1,0,0.016587677725118485,0.016587677725118485,0.016587677725118485,0.016587677725118485
TABUW_XGBoost_M5,42,8435,422,1,1,0,0.014218009478672985,0.014218009478672985,0.014218009478672985,0.014218009478672985
TABUW_XGBoost_M5,123,8435,422,1,1,0,0.014218009478672985,0.014218009478672985,0.014218009478672985,0.014218009478672985
TABUW_XGBoost_M5,456,8435,422,1,1,0,0.014218009478672985,0.014218009478672985,0.014218009478672985,0.014218009478672985
TABUW_XGBoost_M5,789,8435,422,1,1,0,0.014218009478672985,0.014218009478672985,0.014218009478672985,0.014218009478672985
TABUW_XGBoost_M5,1024,8435,422,1,1,0,0.014218009478672985,0.014218009478672985,0.014218009478672985,0.014218009478672985
TABUW_XGBoost_M10,42,8435,422,1,1,0,0.02132701421800948,0.02132701421800948,0.02132701421800948,0.02132701421800948
TABUW_XGBoost_M10,123,8435,422,1,1,0,0.02132701421800948,0.02132701421800948,0.02132701421800948,0.02132701421800948
TABUW_XGBoost_M10,456,8435,422,1,1,0,0.02132701421800948,0.02132701421800948,0.02132701421800948,0.02132701421800948
TABUW_XGBoost_M10,789,8435,422,1,1,0,0.02132701421800948,0.02132701421800948,0.02132701421800948,0.02132701421800948
TABUW_XGBoost_M10,1024,8435,422,1,1,0,0.02132701421800948,0.02132701421800948,0.02132701421800948,0.02132701421800948
TABUW_XGBoost_M11,42,8435,422,1,1,0,0.009478672985781991,0.009478672985781991,0.009478672985781991,0.009478672985781991
TABUW_XGBoost_M11,123,8435,422,1,1,0,0.009478672985781991,0.009478672985781991,0.009478672985781991,0.009478672985781991
TABUW_XGBoost_M11,456,8435,422,1,1,0,0.009478672985781991,0.009478672985781991,0.009478672985781991,0.009478672985781991
TABUW_XGBoost_M11,789,8435,422,1,1,0,0.009478672985781991,0.009478672985781991,0.009478672985781991,0.009478672985781991
TABUW_XGBoost_M11,1024,8435,422,1,1,0,0.009478672985781991,0.009478672985781991,0.009478672985781991,0.009478672985781991
