subset,condition,n,positive,negative,budget,retrieved_mean,retrieved_min,retrieved_max
full_test,primary__MLP__M5,8435,20,8415,422,2.8,1,4
full_test,primary__MLP__M11,8435,20,8415,422,6.2,4,7
full_test,primary__RandomForest__M5,8435,20,8415,422,3.6,3,4
full_test,primary__RandomForest__M11,8435,20,8415,422,7.0,7,7
full_test,primary__GCN__M11,8435,20,8415,422,2.4,1,4
full_test,primary__SAGE__M11,8435,20,8415,422,4.0,3,5
full_test,asof__MLP__M5,8435,20,8415,422,2.6,1,4
full_test,asof__MLP__M11,8435,20,8415,422,5.8,4,7
full_test,asof__RandomForest__M5,8435,20,8415,422,8.2,7,9
full_test,asof__RandomForest__M11,8435,20,8415,422,9.0,8,10
full_test,fixed1095__MLP__M11,8435,20,8415,422,5.2,4,7
full_test,fixed1095__RandomForest__M11,8435,20,8415,422,8.2,8,9
full_test,fixed1095__GCN__M11,8435,20,8415,422,3.0,1,5
full_test,fixed1095__SAGE__M11,8435,20,8415,422,3.8,2,5
positive_no_detected_earlier_doc_vs_all_negatives,primary__MLP__M5,8422,7,8415,422,0.0,0,0
positive_no_detected_earlier_doc_vs_all_negatives,primary__MLP__M11,8422,7,8415,422,0.0,0,0
positive_no_detected_earlier_doc_vs_all_negatives,primary__RandomForest__M5,8422,7,8415,422,0.0,0,0
positive_no_detected_earlier_doc_vs_all_negatives,primary__RandomForest__M11,8422,7,8415,422,0.0,0,0
positive_no_detected_earlier_doc_vs_all_negatives,primary__GCN__M11,8422,7,8415,422,1.2,1,2
positive_no_detected_earlier_doc_vs_all_negatives,primary__SAGE__M11,8422,7,8415,422,0.2,0,1
positive_no_detected_earlier_doc_vs_all_negatives,asof__MLP__M5,8422,7,8415,422,0.0,0,0
positive_no_detected_earlier_doc_vs_all_negatives,asof__MLP__M11,8422,7,8415,422,0.0,0,0
positive_no_detected_earlier_doc_vs_all_negatives,asof__RandomForest__M5,8422,7,8415,422,1.4,1,2
positive_no_detected_earlier_doc_vs_all_negatives,asof__RandomForest__M11,8422,7,8415,422,1.0,1,1
positive_no_detected_earlier_doc_vs_all_negatives,fixed1095__MLP__M11,8422,7,8415,422,0.0,0,0
positive_no_detected_earlier_doc_vs_all_negatives,fixed1095__RandomForest__M11,8422,7,8415,422,0.0,0,0
positive_no_detected_earlier_doc_vs_all_negatives,fixed1095__GCN__M11,8422,7,8415,422,0.6,0,1
positive_no_detected_earlier_doc_vs_all_negatives,fixed1095__SAGE__M11,8422,7,8415,422,0.0,0,0
source_screen_no_detected_exposure_or_absence,primary__MLP__M5,7757,6,7751,388,0.4,0,1
source_screen_no_detected_exposure_or_absence,primary__MLP__M11,7757,6,7751,388,1.8,1,2
source_screen_no_detected_exposure_or_absence,primary__RandomForest__M5,7757,6,7751,388,0.0,0,0
source_screen_no_detected_exposure_or_absence,primary__RandomForest__M11,7757,6,7751,388,1.2,1,2
source_screen_no_detected_exposure_or_absence,primary__GCN__M11,7757,6,7751,388,1.0,0,2
source_screen_no_detected_exposure_or_absence,primary__SAGE__M11,7757,6,7751,388,2.0,1,3
source_screen_no_detected_exposure_or_absence,asof__MLP__M5,7757,6,7751,388,0.6,0,1
source_screen_no_detected_exposure_or_absence,asof__MLP__M11,7757,6,7751,388,2.0,2,2
source_screen_no_detected_exposure_or_absence,asof__RandomForest__M5,7757,6,7751,388,0.0,0,0
source_screen_no_detected_exposure_or_absence,asof__RandomForest__M11,7757,6,7751,388,1.4,1,2
source_screen_no_detected_exposure_or_absence,fixed1095__MLP__M11,7757,6,7751,388,1.6,1,2
source_screen_no_detected_exposure_or_absence,fixed1095__RandomForest__M11,7757,6,7751,388,2.0,2,2
source_screen_no_detected_exposure_or_absence,fixed1095__GCN__M11,7757,6,7751,388,1.6,0,2
source_screen_no_detected_exposure_or_absence,fixed1095__SAGE__M11,7757,6,7751,388,2.0,1,3
source_screen_plus_complete_fin_binding,primary__MLP__M5,7280,5,7275,364,0.6,0,1
source_screen_plus_complete_fin_binding,primary__MLP__M11,7280,5,7275,364,2.0,2,2
source_screen_plus_complete_fin_binding,primary__RandomForest__M5,7280,5,7275,364,0.0,0,0
source_screen_plus_complete_fin_binding,primary__RandomForest__M11,7280,5,7275,364,1.2,1,2
source_screen_plus_complete_fin_binding,primary__GCN__M11,7280,5,7275,364,1.0,0,2
source_screen_plus_complete_fin_binding,primary__SAGE__M11,7280,5,7275,364,2.0,1,3
source_screen_plus_complete_fin_binding,asof__MLP__M5,7280,5,7275,364,0.6,0,1
source_screen_plus_complete_fin_binding,asof__MLP__M11,7280,5,7275,364,2.0,2,2
source_screen_plus_complete_fin_binding,asof__RandomForest__M5,7280,5,7275,364,0.8,0,1
source_screen_plus_complete_fin_binding,asof__RandomForest__M11,7280,5,7275,364,1.6,1,2
source_screen_plus_complete_fin_binding,fixed1095__MLP__M11,7280,5,7275,364,1.6,1,2
source_screen_plus_complete_fin_binding,fixed1095__RandomForest__M11,7280,5,7275,364,2.2,2,3
source_screen_plus_complete_fin_binding,fixed1095__GCN__M11,7280,5,7275,364,1.6,0,2
source_screen_plus_complete_fin_binding,fixed1095__SAGE__M11,7280,5,7275,364,2.2,1,3
intersection_doc_and_source_screen,primary__MLP__M5,7753,2,7751,388,0.0,0,0
intersection_doc_and_source_screen,primary__MLP__M11,7753,2,7751,388,0.0,0,0
intersection_doc_and_source_screen,primary__RandomForest__M5,7753,2,7751,388,0.0,0,0
intersection_doc_and_source_screen,primary__RandomForest__M11,7753,2,7751,388,0.0,0,0
intersection_doc_and_source_screen,primary__GCN__M11,7753,2,7751,388,0.2,0,1
intersection_doc_and_source_screen,primary__SAGE__M11,7753,2,7751,388,0.0,0,0
intersection_doc_and_source_screen,asof__MLP__M5,7753,2,7751,388,0.0,0,0
intersection_doc_and_source_screen,asof__MLP__M11,7753,2,7751,388,0.0,0,0
intersection_doc_and_source_screen,asof__RandomForest__M5,7753,2,7751,388,0.0,0,0
intersection_doc_and_source_screen,asof__RandomForest__M11,7753,2,7751,388,0.0,0,0
intersection_doc_and_source_screen,fixed1095__MLP__M11,7753,2,7751,388,0.0,0,0
intersection_doc_and_source_screen,fixed1095__RandomForest__M11,7753,2,7751,388,0.0,0,0
intersection_doc_and_source_screen,fixed1095__GCN__M11,7753,2,7751,388,0.0,0,0
intersection_doc_and_source_screen,fixed1095__SAGE__M11,7753,2,7751,388,0.0,0,0
